,name,time,y
0,flow:vessel:OUTLET,0.0,-0.001313114082570312
1,flow:vessel:OUTLET,0.010000000000001563,-0.0013131349879902158
2,flow:vessel:OUTLET,0.019999999999999577,-0.00131317353153063
3,flow:vessel:OUTLET,0.030000000000001137,-0.001313203085507448
4,flow:vessel:OUTLET,0.03999999999999915,-0.0013127253682950653
5,flow:vessel:OUTLET,0.05000000000000071,-0.0013104203332775272
6,flow:vessel:OUTLET,0.060000000000002274,-0.0013040930578581962
7,flow:vessel:OUTLET,0.07000000000000028,-0.0012909077212478416
8,flow:vessel:OUTLET,0.08000000000000183,-0.0012678713487575344
9,flow:vessel:OUTLET,0.08999999999999986,-0.0012324675654350097
10,flow:vessel:OUTLET,0.10000000000000142,-0.0011833041181898052
11,flow:vessel:OUTLET,0.10999999999999945,-0.00112062914247838
12,flow:vessel:OUTLET,0.120000000000001,-0.0010465934336550409
13,flow:vessel:OUTLET,0.129999999999999,-0.0009651847062850625
14,flow:vessel:OUTLET,0.14000000000000057,-0.0008818250609696055
15,flow:vessel:OUTLET,0.15000000000000213,-0.000802691130494536
16,flow:vessel:OUTLET,0.16000000000000014,-0.0007338734642472446
17,flow:vessel:OUTLET,0.17000000000000173,-0.0006805257200788135
18,flow:vessel:OUTLET,0.17999999999999972,-0.0006461580208543581
19,flow:vessel:OUTLET,0.19000000000000128,-0.0006322015184834699
20,flow:vessel:OUTLET,0.1999999999999993,-0.0006379183650855482
21,flow:vessel:OUTLET,0.21000000000000085,-0.0006606637865811608
22,flow:vessel:OUTLET,0.2199999999999989,-0.0006964386821595398
23,flow:vessel:OUTLET,0.23000000000000043,-0.0007406161544901606
24,flow:vessel:OUTLET,0.240000000000002,-0.0007886948338058324
25,flow:vessel:OUTLET,0.25,-0.000836931883850461
26,flow:vessel:OUTLET,0.26000000000000156,-0.000882738864947259
27,flow:vessel:OUTLET,0.2699999999999996,-0.0009247775605923484
28,flow:vessel:OUTLET,0.28000000000000114,-0.0009627589181717978
29,flow:vessel:OUTLET,0.28999999999999915,-0.0009970018619990157
30,flow:vessel:OUTLET,0.3000000000000007,-0.001027898988733588
31,flow:vessel:OUTLET,0.3100000000000023,-0.0010557784391715577
32,flow:vessel:OUTLET,0.3200000000000003,-0.0010809347048442396
33,flow:vessel:OUTLET,0.33000000000000185,-0.0011036338254623735
34,flow:vessel:OUTLET,0.33999999999999986,-0.001124115793944611
35,flow:vessel:OUTLET,0.3500000000000014,-0.0011425971737547386
36,flow:vessel:OUTLET,0.35999999999999943,-0.001159273373063364
37,flow:vessel:OUTLET,0.37000000000000094,-0.001174320713902308
38,flow:vessel:OUTLET,0.37999999999999906,-0.001187898295867108
39,flow:vessel:OUTLET,0.39000000000000057,-0.001200149678433476
40,flow:vessel:OUTLET,0.4000000000000022,-0.0012112043988264354
41,flow:vessel:OUTLET,0.41000000000000014,-0.0012211793416548155
42,flow:vessel:OUTLET,0.4200000000000017,-0.001230179974761612
43,flow:vessel:OUTLET,0.42999999999999966,-0.001238301464362587
44,flow:vessel:OUTLET,0.4400000000000013,-0.0012456296812632106
45,flow:vessel:OUTLET,0.4499999999999993,-0.0012522421087927935
46,flow:vessel:OUTLET,0.46000000000000085,-0.0012582086620555645
47,flow:vessel:OUTLET,0.46999999999999886,-0.0012635924271610902
48,flow:vessel:OUTLET,0.4800000000000004,-0.0012684503282499218
49,flow:vessel:OUTLET,0.490000000000002,-0.0012728337293671777
50,flow:vessel:OUTLET,0.5,-0.0012767889775477448
51,flow:vessel:OUTLET,0.5100000000000016,-0.0012803578928555113
52,flow:vessel:OUTLET,0.5199999999999996,-0.0012835782105574927
53,flow:vessel:OUTLET,0.5300000000000011,-0.0012864839801086836
54,flow:vessel:OUTLET,0.5399999999999991,-0.0012891059251655262
55,flow:vessel:OUTLET,0.5500000000000007,-0.0012914717684351911
56,flow:vessel:OUTLET,0.5600000000000023,-0.0012936065247947785
57,flow:vessel:OUTLET,0.5700000000000003,-0.0012955327657800573
58,flow:vessel:OUTLET,0.5800000000000018,-0.001297270858240159
59,flow:vessel:OUTLET,0.5899999999999999,-0.0012988391796815073
60,flow:vessel:OUTLET,0.6000000000000014,-0.0013002543125778655
61,flow:vessel:OUTLET,0.6099999999999994,-0.0013015312197011493
62,flow:vessel:OUTLET,0.620000000000001,-0.0013026834023266067
63,flow:vessel:OUTLET,0.629999999999999,-0.0013037230429853385
64,flow:vessel:OUTLET,0.6400000000000006,-0.0013046611342732847
65,flow:vessel:OUTLET,0.6500000000000021,-0.0013055075950787825
66,flow:vessel:OUTLET,0.6600000000000001,-0.0013062713754575194
67,flow:vessel:OUTLET,0.6700000000000017,-0.0013069605512637755
68,flow:vessel:OUTLET,0.6799999999999997,-0.001307582409538495
69,flow:vessel:OUTLET,0.6900000000000013,-0.0013081435255570862
70,flow:vessel:OUTLET,0.6999999999999993,-0.0013086498323514346
71,flow:vessel:OUTLET,0.7100000000000009,-0.001309106683441428
72,flow:vessel:OUTLET,0.7199999999999989,-0.001309518909439036
73,flow:vessel:OUTLET,0.7300000000000004,-0.0013098908691237174
74,flow:vessel:OUTLET,0.7400000000000019,-0.001310226495528799
75,flow:vessel:OUTLET,0.75,-0.0013105293375265535
76,flow:vessel:OUTLET,0.7600000000000016,-0.0013108025973512236
77,flow:vessel:OUTLET,0.7699999999999996,-0.001311049164457173
78,flow:vessel:OUTLET,0.7800000000000011,-0.0013112716460697772
79,flow:vessel:OUTLET,0.7899999999999991,-0.0013114723947522987
80,flow:vessel:OUTLET,0.8000000000000006,-0.001311653533280143
81,flow:vessel:OUTLET,0.8100000000000023,-0.001311816977085518
82,flow:vessel:OUTLET,0.8200000000000003,-0.0013119644545097407
83,flow:vessel:OUTLET,0.830000000000002,-0.0013120975250775393
84,flow:vessel:OUTLET,0.8399999999999999,-0.0013122175959862017
85,flow:vessel:OUTLET,0.8500000000000014,-0.0013123259369842882
86,flow:vessel:OUTLET,0.8599999999999993,-0.0013124236937970097
87,flow:vessel:OUTLET,0.870000000000001,-0.0013125119002402217
88,flow:vessel:OUTLET,0.879999999999999,-0.0013125914891513326
89,flow:vessel:OUTLET,0.8900000000000007,-0.0013126633022523242
90,flow:vessel:OUTLET,0.9000000000000021,-0.0013127280990495498
91,flow:vessel:OUTLET,0.91,-0.0013127865648641796
92,flow:vessel:OUTLET,0.9200000000000016,-0.0013128393180782663
93,flow:vessel:OUTLET,0.9299999999999997,-0.0013128869166731108
94,flow:vessel:OUTLET,0.9400000000000013,-0.0013129298641288351
95,flow:vessel:OUTLET,0.9499999999999994,-0.0013129686147479158
96,flow:vessel:OUTLET,0.9600000000000009,-0.0013130035784585845
97,flow:vessel:OUTLET,0.9699999999999989,-0.0013130351251491174
98,flow:vessel:OUTLET,0.9800000000000004,-0.0013130635885787478
99,flow:vessel:OUTLET,0.9900000000000021,-0.0013130892699066404
100,flow:vessel:OUTLET,1.0,-0.0013131124408760093
101,pressure:vessel:OUTLET,0.0,48.68688591742968
102,pressure:vessel:OUTLET,0.010000000000001563,48.68686501200978
103,pressure:vessel:OUTLET,0.019999999999999577,48.68682646846937
104,pressure:vessel:OUTLET,0.030000000000001137,48.686796914492554
105,pressure:vessel:OUTLET,0.03999999999999915,48.68727463170494
106,pressure:vessel:OUTLET,0.05000000000000071,48.68957966672247
107,pressure:vessel:OUTLET,0.060000000000002274,48.69590694214181
108,pressure:vessel:OUTLET,0.07000000000000028,48.70909227875216
109,pressure:vessel:OUTLET,0.08000000000000183,48.73212865124247
110,pressure:vessel:OUTLET,0.08999999999999986,48.767532434564984
111,pressure:vessel:OUTLET,0.10000000000000142,48.8166958818102
112,pressure:vessel:OUTLET,0.10999999999999945,48.87937085752162
113,pressure:vessel:OUTLET,0.120000000000001,48.95340656634496
114,pressure:vessel:OUTLET,0.129999999999999,49.034815293714935
115,pressure:vessel:OUTLET,0.14000000000000057,49.11817493903039
116,pressure:vessel:OUTLET,0.15000000000000213,49.19730886950547
117,pressure:vessel:OUTLET,0.16000000000000014,49.266126535752754
118,pressure:vessel:OUTLET,0.17000000000000173,49.31947427992118
119,pressure:vessel:OUTLET,0.17999999999999972,49.35384197914564
120,pressure:vessel:OUTLET,0.19000000000000128,49.36779848151653
121,pressure:vessel:OUTLET,0.1999999999999993,49.36208163491445
122,pressure:vessel:OUTLET,0.21000000000000085,49.33933621341884
123,pressure:vessel:OUTLET,0.2199999999999989,49.30356131784046
124,pressure:vessel:OUTLET,0.23000000000000043,49.25938384550984
125,pressure:vessel:OUTLET,0.240000000000002,49.211305166194165
126,pressure:vessel:OUTLET,0.25,49.16306811614954
127,pressure:vessel:OUTLET,0.26000000000000156,49.11726113505274
128,pressure:vessel:OUTLET,0.2699999999999996,49.07522243940765
129,pressure:vessel:OUTLET,0.28000000000000114,49.037241081828206
130,pressure:vessel:OUTLET,0.28999999999999915,49.002998138000976
131,pressure:vessel:OUTLET,0.3000000000000007,48.97210101126642
132,pressure:vessel:OUTLET,0.3100000000000023,48.94422156082844
133,pressure:vessel:OUTLET,0.3200000000000003,48.91906529515577
134,pressure:vessel:OUTLET,0.33000000000000185,48.896366174537626
135,pressure:vessel:OUTLET,0.33999999999999986,48.87588420605539
136,pressure:vessel:OUTLET,0.3500000000000014,48.85740282624526
137,pressure:vessel:OUTLET,0.35999999999999943,48.84072662693664
138,pressure:vessel:OUTLET,0.37000000000000094,48.82567928609769
139,pressure:vessel:OUTLET,0.37999999999999906,48.812101704132886
140,pressure:vessel:OUTLET,0.39000000000000057,48.79985032156653
141,pressure:vessel:OUTLET,0.4000000000000022,48.78879560117356
142,pressure:vessel:OUTLET,0.41000000000000014,48.77882065834518
143,pressure:vessel:OUTLET,0.4200000000000017,48.76982002523838
144,pressure:vessel:OUTLET,0.42999999999999966,48.761698535637414
145,pressure:vessel:OUTLET,0.4400000000000013,48.75437031873679
146,pressure:vessel:OUTLET,0.4499999999999993,48.74775789120721
147,pressure:vessel:OUTLET,0.46000000000000085,48.741791337944434
148,pressure:vessel:OUTLET,0.46999999999999886,48.73640757283891
149,pressure:vessel:OUTLET,0.4800000000000004,48.731549671750074
150,pressure:vessel:OUTLET,0.490000000000002,48.72716627063283
151,pressure:vessel:OUTLET,0.5,48.72321102245225
152,pressure:vessel:OUTLET,0.5100000000000016,48.719642107144495
153,pressure:vessel:OUTLET,0.5199999999999996,48.7164217894425
154,pressure:vessel:OUTLET,0.5300000000000011,48.71351601989132
155,pressure:vessel:OUTLET,0.5399999999999991,48.71089407483447
156,pressure:vessel:OUTLET,0.5500000000000007,48.708528231564806
157,pressure:vessel:OUTLET,0.5600000000000023,48.70639347520522
158,pressure:vessel:OUTLET,0.5700000000000003,48.704467234219955
159,pressure:vessel:OUTLET,0.5800000000000018,48.70272914175983
160,pressure:vessel:OUTLET,0.5899999999999999,48.7011608203185
161,pressure:vessel:OUTLET,0.6000000000000014,48.69974568742214
162,pressure:vessel:OUTLET,0.6099999999999994,48.69846878029885
163,pressure:vessel:OUTLET,0.620000000000001,48.69731659767339
164,pressure:vessel:OUTLET,0.629999999999999,48.69627695701466
165,pressure:vessel:OUTLET,0.6400000000000006,48.69533886572671
166,pressure:vessel:OUTLET,0.6500000000000021,48.694492404921235
167,pressure:vessel:OUTLET,0.6600000000000001,48.69372862454248
168,pressure:vessel:OUTLET,0.6700000000000017,48.69303944873622
169,pressure:vessel:OUTLET,0.6799999999999997,48.6924175904615
170,pressure:vessel:OUTLET,0.6900000000000013,48.691856474442915
171,pressure:vessel:OUTLET,0.6999999999999993,48.691350167648565
172,pressure:vessel:OUTLET,0.7100000000000009,48.69089331655858
173,pressure:vessel:OUTLET,0.7199999999999989,48.690481090560965
174,pressure:vessel:OUTLET,0.7300000000000004,48.69010913087628
175,pressure:vessel:OUTLET,0.7400000000000019,48.6897735044712
176,pressure:vessel:OUTLET,0.75,48.68947066247344
177,pressure:vessel:OUTLET,0.7600000000000016,48.68919740264879
178,pressure:vessel:OUTLET,0.7699999999999996,48.68895083554282
179,pressure:vessel:OUTLET,0.7800000000000011,48.68872835393022
180,pressure:vessel:OUTLET,0.7899999999999991,48.68852760524769
181,pressure:vessel:OUTLET,0.8000000000000006,48.68834646671986
182,pressure:vessel:OUTLET,0.8100000000000023,48.68818302291448
183,pressure:vessel:OUTLET,0.8200000000000003,48.68803554549026
184,pressure:vessel:OUTLET,0.830000000000002,48.68790247492247
185,pressure:vessel:OUTLET,0.8399999999999999,48.687782404013795
186,pressure:vessel:OUTLET,0.8500000000000014,48.687674063015706
187,pressure:vessel:OUTLET,0.8599999999999993,48.68757630620299
188,pressure:vessel:OUTLET,0.870000000000001,48.68748809975978
189,pressure:vessel:OUTLET,0.879999999999999,48.68740851084866
190,pressure:vessel:OUTLET,0.8900000000000007,48.68733669774768
191,pressure:vessel:OUTLET,0.9000000000000021,48.68727190095044
192,pressure:vessel:OUTLET,0.91,48.687213435135824
193,pressure:vessel:OUTLET,0.9200000000000016,48.687160681921725
194,pressure:vessel:OUTLET,0.9299999999999997,48.6871130833269
195,pressure:vessel:OUTLET,0.9400000000000013,48.68707013587117
196,pressure:vessel:OUTLET,0.9499999999999994,48.68703138525208
197,pressure:vessel:OUTLET,0.9600000000000009,48.686996421541416
198,pressure:vessel:OUTLET,0.9699999999999989,48.68696487485088
199,pressure:vessel:OUTLET,0.9800000000000004,48.68693641142125
200,pressure:vessel:OUTLET,0.9900000000000021,48.68691073009336
201,pressure:vessel:OUTLET,1.0,48.68688755912398
202,flow:INLET:valve0,0.0,0.0002051860420032046
203,flow:INLET:valve0,0.010000000000001563,0.00020518602175628256
204,flow:INLET:valve0,0.019999999999999577,0.00020557628292685627
205,flow:INLET:valve0,0.030000000000001137,0.00020515881578104264
206,flow:INLET:valve0,0.03999999999999915,0.00019545681116190405
207,flow:INLET:valve0,0.05000000000000071,0.00016614545623424166
208,flow:INLET:valve0,0.060000000000002274,0.00010638496041326488
209,flow:INLET:valve0,0.07000000000000028,8.73989981270621e-06
210,flow:INLET:valve0,0.08000000000000183,-0.00012857321360484824
211,flow:INLET:valve0,0.08999999999999986,-0.0002999435529134655
212,flow:INLET:valve0,0.10000000000000142,-0.0004924040248423571
213,flow:INLET:valve0,0.10999999999999945,-0.0006870836392428765
214,flow:INLET:valve0,0.120000000000001,-0.0008620462589481495
215,flow:INLET:valve0,0.129999999999999,-0.00099587525989721
216,flow:INLET:valve0,0.14000000000000057,-0.001071358726728951
217,flow:INLET:valve0,0.15000000000000213,-0.0010785191137997392
218,flow:INLET:valve0,0.16000000000000014,-0.0010163959841976574
219,flow:INLET:valve0,0.17000000000000173,-0.0008932179242128938
220,flow:INLET:valve0,0.17999999999999972,-0.0007249324237696283
221,flow:INLET:valve0,0.19000000000000128,-0.0005323867763027612
222,flow:INLET:valve0,0.1999999999999993,-0.0003377240340282923
223,flow:INLET:valve0,0.21000000000000085,-0.000160708531684474
224,flow:INLET:valve0,0.2199999999999989,-1.5700180805012457e-05
225,flow:INLET:valve0,0.23000000000000043,9.014756946311864e-05
226,flow:INLET:valve0,0.240000000000002,0.00015715243359908456
227,flow:INLET:valve0,0.25,0.000191840795616113
228,flow:INLET:valve0,0.26000000000000156,0.00020448624745984543
229,flow:INLET:valve0,0.2699999999999996,0.00020602333576690276
230,flow:INLET:valve0,0.28000000000000114,0.0002050331380642684
231,flow:INLET:valve0,0.28999999999999915,0.00020526213349361072
232,flow:INLET:valve0,0.3000000000000007,0.00020514760524273595
233,flow:INLET:valve0,0.3100000000000023,0.00020520483884825812
234,flow:INLET:valve0,0.3200000000000003,0.00020517619154018392
235,flow:INLET:valve0,0.33000000000000185,0.00020519048470210295
236,flow:INLET:valve0,0.33999999999999986,0.00020518330764092785
237,flow:INLET:valve0,0.3500000000000014,0.0002051868657020405
238,flow:INLET:valve0,0.35999999999999943,0.0002051850562117008
239,flow:INLET:valve0,0.37000000000000094,0.00020518593050583228
240,flow:INLET:valve0,0.37999999999999906,0.00020518546291561907
241,flow:INLET:valve0,0.39000000000000057,0.00020518566627469845
242,flow:INLET:valve0,0.4000000000000022,0.00020518553416555636
243,flow:INLET:valve0,0.41000000000000014,0.0002051855697963224
244,flow:INLET:valve0,0.4200000000000017,0.0002051855215623656
245,flow:INLET:valve0,0.42999999999999966,0.00020518551526549047
246,flow:INLET:valve0,0.4400000000000013,0.00020518548800433384
247,flow:INLET:valve0,0.4499999999999993,0.0002051854712291614
248,flow:INLET:valve0,0.46000000000000085,0.00020518544921446484
249,flow:INLET:valve0,0.46999999999999886,0.00020518542982265973
250,flow:INLET:valve0,0.4800000000000004,0.0002051854091222327
251,flow:INLET:valve0,0.490000000000002,0.00020518538907866467
252,flow:INLET:valve0,0.5,0.00020518536870896644
253,flow:INLET:valve0,0.5100000000000016,0.00020518534850440804
254,flow:INLET:valve0,0.5199999999999996,0.00020518532821915193
255,flow:INLET:valve0,0.5300000000000011,0.000205185307975934
256,flow:INLET:valve0,0.5399999999999991,0.00020518528771322147
257,flow:INLET:valve0,0.5500000000000007,0.00020518526746163187
258,flow:INLET:valve0,0.5600000000000023,0.00020518524720572207
259,flow:INLET:valve0,0.5700000000000003,0.0002051852269530927
260,flow:INLET:valve0,0.5800000000000018,0.00020518520669983388
261,flow:INLET:valve0,0.5899999999999999,0.00020518518644780192
262,flow:INLET:valve0,0.6000000000000014,0.00020518516619597973
263,flow:INLET:valve0,0.6099999999999994,0.00020518514594479543
264,flow:INLET:valve0,0.620000000000001,0.00020518512569396268
265,flow:INLET:valve0,0.629999999999999,0.00020518510544355895
266,flow:INLET:valve0,0.6400000000000006,0.0002051850851934868
267,flow:INLET:valve0,0.6500000000000021,0.00020518506494374153
268,flow:INLET:valve0,0.6600000000000001,0.00020518504469427745
269,flow:INLET:valve0,0.6700000000000017,0.00020518502444507404
270,flow:INLET:valve0,0.6799999999999997,0.00020518500419610249
271,flow:INLET:valve0,0.6900000000000013,0.0002051849839473419
272,flow:INLET:valve0,0.6999999999999993,0.00020518496369877084
273,flow:INLET:valve0,0.7100000000000009,0.0002051849434503713
274,flow:INLET:valve0,0.7199999999999989,0.0002051849232021264
275,flow:INLET:valve0,0.7300000000000004,0.00020518490295402112
276,flow:INLET:valve0,0.7400000000000019,0.00020518488270604193
277,flow:INLET:valve0,0.75,0.00020518486245817648
278,flow:INLET:valve0,0.7600000000000016,0.00020518484221041368
279,flow:INLET:valve0,0.7699999999999996,0.0002051848219627437
280,flow:INLET:valve0,0.7800000000000011,0.00020518480171515744
281,flow:INLET:valve0,0.7899999999999991,0.00020518478146764672
282,flow:INLET:valve0,0.8000000000000006,0.00020518476122020427
283,flow:INLET:valve0,0.8100000000000023,0.0002051847409728236
284,flow:INLET:valve0,0.8200000000000003,0.00020518472072549848
285,flow:INLET:valve0,0.830000000000002,0.00020518470047822373
286,flow:INLET:valve0,0.8399999999999999,0.0002051846802309944
287,flow:INLET:valve0,0.8500000000000014,0.00020518465998380607
288,flow:INLET:valve0,0.8599999999999993,0.0002051846397366549
289,flow:INLET:valve0,0.870000000000001,0.00020518461948953724
290,flow:INLET:valve0,0.879999999999999,0.00020518459924244987
291,flow:INLET:valve0,0.8900000000000007,0.00020518457899538993
292,flow:INLET:valve0,0.9000000000000021,0.00020518455874835465
293,flow:INLET:valve0,0.91,0.00020518453850134184
294,flow:INLET:valve0,0.9200000000000016,0.00020518451825434929
295,flow:INLET:valve0,0.9299999999999997,0.00020518449800737508
296,flow:INLET:valve0,0.9400000000000013,0.00020518447776041748
297,flow:INLET:valve0,0.9499999999999994,0.00020518445751347493
298,flow:INLET:valve0,0.9600000000000009,0.0002051844372665459
299,flow:INLET:valve0,0.9699999999999989,0.00020518441701962935
300,flow:INLET:valve0,0.9800000000000004,0.0002051843967727238
301,flow:INLET:valve0,0.9900000000000021,0.00020518437652582855
302,flow:INLET:valve0,1.0,0.00020518435627894243
303,pressure:INLET:valve0,0.0,7.0
304,pressure:INLET:valve0,0.010000000000001563,7.0
305,pressure:INLET:valve0,0.019999999999999577,7.0
306,pressure:INLET:valve0,0.030000000000001137,7.0
307,pressure:INLET:valve0,0.03999999999999915,7.0
308,pressure:INLET:valve0,0.05000000000000071,7.0
309,pressure:INLET:valve0,0.060000000000002274,7.0
310,pressure:INLET:valve0,0.07000000000000028,7.0
311,pressure:INLET:valve0,0.08000000000000183,7.0
312,pressure:INLET:valve0,0.08999999999999986,7.0
313,pressure:INLET:valve0,0.10000000000000142,7.0
314,pressure:INLET:valve0,0.10999999999999945,7.0
315,pressure:INLET:valve0,0.120000000000001,7.0
316,pressure:INLET:valve0,0.129999999999999,7.0
317,pressure:INLET:valve0,0.14000000000000057,7.0
318,pressure:INLET:valve0,0.15000000000000213,7.0
319,pressure:INLET:valve0,0.16000000000000014,7.0
320,pressure:INLET:valve0,0.17000000000000173,7.0
321,pressure:INLET:valve0,0.17999999999999972,7.0
322,pressure:INLET:valve0,0.19000000000000128,7.0
323,pressure:INLET:valve0,0.1999999999999993,7.0
324,pressure:INLET:valve0,0.21000000000000085,7.0
325,pressure:INLET:valve0,0.2199999999999989,7.0
326,pressure:INLET:valve0,0.23000000000000043,7.0
327,pressure:INLET:valve0,0.240000000000002,7.0
328,pressure:INLET:valve0,0.25,7.0
329,pressure:INLET:valve0,0.26000000000000156,7.0
330,pressure:INLET:valve0,0.2699999999999996,7.0
331,pressure:INLET:valve0,0.28000000000000114,7.0
332,pressure:INLET:valve0,0.28999999999999915,7.0
333,pressure:INLET:valve0,0.3000000000000007,7.0
334,pressure:INLET:valve0,0.3100000000000023,7.0
335,pressure:INLET:valve0,0.3200000000000003,7.0
336,pressure:INLET:valve0,0.33000000000000185,7.0
337,pressure:INLET:valve0,0.33999999999999986,7.0
338,pressure:INLET:valve0,0.3500000000000014,7.0
339,pressure:INLET:valve0,0.35999999999999943,7.0
340,pressure:INLET:valve0,0.37000000000000094,7.0
341,pressure:INLET:valve0,0.37999999999999906,7.0
342,pressure:INLET:valve0,0.39000000000000057,7.0
343,pressure:INLET:valve0,0.4000000000000022,7.0
344,pressure:INLET:valve0,0.41000000000000014,7.0
345,pressure:INLET:valve0,0.4200000000000017,7.0
346,pressure:INLET:valve0,0.42999999999999966,7.0
347,pressure:INLET:valve0,0.4400000000000013,7.0
348,pressure:INLET:valve0,0.4499999999999993,7.0
349,pressure:INLET:valve0,0.46000000000000085,7.0
350,pressure:INLET:valve0,0.46999999999999886,7.0
351,pressure:INLET:valve0,0.4800000000000004,7.0
352,pressure:INLET:valve0,0.490000000000002,7.0
353,pressure:INLET:valve0,0.5,7.0
354,pressure:INLET:valve0,0.5100000000000016,7.0
355,pressure:INLET:valve0,0.5199999999999996,7.0
356,pressure:INLET:valve0,0.5300000000000011,7.0
357,pressure:INLET:valve0,0.5399999999999991,7.0
358,pressure:INLET:valve0,0.5500000000000007,7.0
359,pressure:INLET:valve0,0.5600000000000023,7.0
360,pressure:INLET:valve0,0.5700000000000003,7.0
361,pressure:INLET:valve0,0.5800000000000018,7.0
362,pressure:INLET:valve0,0.5899999999999999,7.0
363,pressure:INLET:valve0,0.6000000000000014,7.0
364,pressure:INLET:valve0,0.6099999999999994,7.0
365,pressure:INLET:valve0,0.620000000000001,7.0
366,pressure:INLET:valve0,0.629999999999999,7.0
367,pressure:INLET:valve0,0.6400000000000006,7.0
368,pressure:INLET:valve0,0.6500000000000021,7.0
369,pressure:INLET:valve0,0.6600000000000001,7.0
370,pressure:INLET:valve0,0.6700000000000017,7.0
371,pressure:INLET:valve0,0.6799999999999997,7.0
372,pressure:INLET:valve0,0.6900000000000013,7.0
373,pressure:INLET:valve0,0.6999999999999993,7.0
374,pressure:INLET:valve0,0.7100000000000009,7.0
375,pressure:INLET:valve0,0.7199999999999989,7.0
376,pressure:INLET:valve0,0.7300000000000004,7.0
377,pressure:INLET:valve0,0.7400000000000019,7.0
378,pressure:INLET:valve0,0.75,7.0
379,pressure:INLET:valve0,0.7600000000000016,7.0
380,pressure:INLET:valve0,0.7699999999999996,7.0
381,pressure:INLET:valve0,0.7800000000000011,7.0
382,pressure:INLET:valve0,0.7899999999999991,7.0
383,pressure:INLET:valve0,0.8000000000000006,7.0
384,pressure:INLET:valve0,0.8100000000000023,7.0
385,pressure:INLET:valve0,0.8200000000000003,7.0
386,pressure:INLET:valve0,0.830000000000002,7.0
387,pressure:INLET:valve0,0.8399999999999999,7.0
388,pressure:INLET:valve0,0.8500000000000014,7.0
389,pressure:INLET:valve0,0.8599999999999993,7.0
390,pressure:INLET:valve0,0.870000000000001,7.0
391,pressure:INLET:valve0,0.879999999999999,7.0
392,pressure:INLET:valve0,0.8900000000000007,7.0
393,pressure:INLET:valve0,0.9000000000000021,7.0
394,pressure:INLET:valve0,0.91,7.0
395,pressure:INLET:valve0,0.9200000000000016,7.0
396,pressure:INLET:valve0,0.9299999999999997,7.0
397,pressure:INLET:valve0,0.9400000000000013,7.0
398,pressure:INLET:valve0,0.9499999999999994,7.0
399,pressure:INLET:valve0,0.9600000000000009,7.0
400,pressure:INLET:valve0,0.9699999999999989,7.0
401,pressure:INLET:valve0,0.9800000000000004,7.0
402,pressure:INLET:valve0,0.9900000000000021,7.0
403,pressure:INLET:valve0,1.0,7.0
404,flow:valve0:ventricle,0.0,0.0002051860420032046
405,flow:valve0:ventricle,0.010000000000001563,0.00020518602175628256
406,flow:valve0:ventricle,0.019999999999999577,0.00020557628292685627
407,flow:valve0:ventricle,0.030000000000001137,0.00020515881578104264
408,flow:valve0:ventricle,0.03999999999999915,0.00019545681116190405
409,flow:valve0:ventricle,0.05000000000000071,0.00016614545623424166
410,flow:valve0:ventricle,0.060000000000002274,0.00010638496041326488
411,flow:valve0:ventricle,0.07000000000000028,8.739899812706224e-06
412,flow:valve0:ventricle,0.08000000000000183,-0.00012857321360484826
413,flow:valve0:ventricle,0.08999999999999986,-0.0002999435529134655
414,flow:valve0:ventricle,0.10000000000000142,-0.0004924040248423571
415,flow:valve0:ventricle,0.10999999999999945,-0.0006870836392428765
416,flow:valve0:ventricle,0.120000000000001,-0.0008620462589481495
417,flow:valve0:ventricle,0.129999999999999,-0.00099587525989721
418,flow:valve0:ventricle,0.14000000000000057,-0.001071358726728951
419,flow:valve0:ventricle,0.15000000000000213,-0.0010785191137997392
420,flow:valve0:ventricle,0.16000000000000014,-0.0010163959841976574
421,flow:valve0:ventricle,0.17000000000000173,-0.0008932179242128938
422,flow:valve0:ventricle,0.17999999999999972,-0.0007249324237696283
423,flow:valve0:ventricle,0.19000000000000128,-0.0005323867763027612
424,flow:valve0:ventricle,0.1999999999999993,-0.00033772403402829225
425,flow:valve0:ventricle,0.21000000000000085,-0.00016070853168447403
426,flow:valve0:ventricle,0.2199999999999989,-1.5700180805012457e-05
427,flow:valve0:ventricle,0.23000000000000043,9.014756946311869e-05
428,flow:valve0:ventricle,0.240000000000002,0.00015715243359908456
429,flow:valve0:ventricle,0.25,0.000191840795616113
430,flow:valve0:ventricle,0.26000000000000156,0.00020448624745984543
431,flow:valve0:ventricle,0.2699999999999996,0.00020602333576690276
432,flow:valve0:ventricle,0.28000000000000114,0.0002050331380642684
433,flow:valve0:ventricle,0.28999999999999915,0.00020526213349361072
434,flow:valve0:ventricle,0.3000000000000007,0.00020514760524273595
435,flow:valve0:ventricle,0.3100000000000023,0.00020520483884825812
436,flow:valve0:ventricle,0.3200000000000003,0.00020517619154018392
437,flow:valve0:ventricle,0.33000000000000185,0.00020519048470210295
438,flow:valve0:ventricle,0.33999999999999986,0.00020518330764092785
439,flow:valve0:ventricle,0.3500000000000014,0.0002051868657020405
440,flow:valve0:ventricle,0.35999999999999943,0.0002051850562117008
441,flow:valve0:ventricle,0.37000000000000094,0.00020518593050583228
442,flow:valve0:ventricle,0.37999999999999906,0.00020518546291561907
443,flow:valve0:ventricle,0.39000000000000057,0.00020518566627469845
444,flow:valve0:ventricle,0.4000000000000022,0.00020518553416555636
445,flow:valve0:ventricle,0.41000000000000014,0.0002051855697963224
446,flow:valve0:ventricle,0.4200000000000017,0.0002051855215623656
447,flow:valve0:ventricle,0.42999999999999966,0.00020518551526549047
448,flow:valve0:ventricle,0.4400000000000013,0.00020518548800433384
449,flow:valve0:ventricle,0.4499999999999993,0.0002051854712291614
450,flow:valve0:ventricle,0.46000000000000085,0.00020518544921446484
451,flow:valve0:ventricle,0.46999999999999886,0.00020518542982265973
452,flow:valve0:ventricle,0.4800000000000004,0.0002051854091222327
453,flow:valve0:ventricle,0.490000000000002,0.00020518538907866467
454,flow:valve0:ventricle,0.5,0.00020518536870896644
455,flow:valve0:ventricle,0.5100000000000016,0.00020518534850440804
456,flow:valve0:ventricle,0.5199999999999996,0.00020518532821915193
457,flow:valve0:ventricle,0.5300000000000011,0.000205185307975934
458,flow:valve0:ventricle,0.5399999999999991,0.00020518528771322147
459,flow:valve0:ventricle,0.5500000000000007,0.00020518526746163187
460,flow:valve0:ventricle,0.5600000000000023,0.00020518524720572207
461,flow:valve0:ventricle,0.5700000000000003,0.0002051852269530927
462,flow:valve0:ventricle,0.5800000000000018,0.00020518520669983388
463,flow:valve0:ventricle,0.5899999999999999,0.00020518518644780192
464,flow:valve0:ventricle,0.6000000000000014,0.00020518516619597973
465,flow:valve0:ventricle,0.6099999999999994,0.00020518514594479543
466,flow:valve0:ventricle,0.620000000000001,0.00020518512569396268
467,flow:valve0:ventricle,0.629999999999999,0.00020518510544355895
468,flow:valve0:ventricle,0.6400000000000006,0.0002051850851934868
469,flow:valve0:ventricle,0.6500000000000021,0.00020518506494374153
470,flow:valve0:ventricle,0.6600000000000001,0.00020518504469427745
471,flow:valve0:ventricle,0.6700000000000017,0.00020518502444507404
472,flow:valve0:ventricle,0.6799999999999997,0.00020518500419610249
473,flow:valve0:ventricle,0.6900000000000013,0.0002051849839473419
474,flow:valve0:ventricle,0.6999999999999993,0.00020518496369877084
475,flow:valve0:ventricle,0.7100000000000009,0.0002051849434503713
476,flow:valve0:ventricle,0.7199999999999989,0.0002051849232021264
477,flow:valve0:ventricle,0.7300000000000004,0.00020518490295402112
478,flow:valve0:ventricle,0.7400000000000019,0.00020518488270604193
479,flow:valve0:ventricle,0.75,0.00020518486245817648
480,flow:valve0:ventricle,0.7600000000000016,0.00020518484221041368
481,flow:valve0:ventricle,0.7699999999999996,0.0002051848219627437
482,flow:valve0:ventricle,0.7800000000000011,0.00020518480171515744
483,flow:valve0:ventricle,0.7899999999999991,0.00020518478146764672
484,flow:valve0:ventricle,0.8000000000000006,0.00020518476122020427
485,flow:valve0:ventricle,0.8100000000000023,0.0002051847409728236
486,flow:valve0:ventricle,0.8200000000000003,0.00020518472072549848
487,flow:valve0:ventricle,0.830000000000002,0.00020518470047822373
488,flow:valve0:ventricle,0.8399999999999999,0.0002051846802309944
489,flow:valve0:ventricle,0.8500000000000014,0.00020518465998380607
490,flow:valve0:ventricle,0.8599999999999993,0.0002051846397366549
491,flow:valve0:ventricle,0.870000000000001,0.00020518461948953724
492,flow:valve0:ventricle,0.879999999999999,0.00020518459924244987
493,flow:valve0:ventricle,0.8900000000000007,0.00020518457899538993
494,flow:valve0:ventricle,0.9000000000000021,0.00020518455874835465
495,flow:valve0:ventricle,0.91,0.00020518453850134184
496,flow:valve0:ventricle,0.9200000000000016,0.00020518451825434929
497,flow:valve0:ventricle,0.9299999999999997,0.00020518449800737508
498,flow:valve0:ventricle,0.9400000000000013,0.00020518447776041748
499,flow:valve0:ventricle,0.9499999999999994,0.00020518445751347493
500,flow:valve0:ventricle,0.9600000000000009,0.0002051844372665459
501,flow:valve0:ventricle,0.9699999999999989,0.00020518441701962935
502,flow:valve0:ventricle,0.9800000000000004,0.0002051843967727238
503,flow:valve0:ventricle,0.9900000000000021,0.00020518437652582855
504,flow:valve0:ventricle,1.0,0.00020518435627894243
505,pressure:valve0:ventricle,0.0,-0.694478626980593
506,pressure:valve0:ventricle,0.010000000000001563,-0.6944778677208131
507,pressure:valve0:ventricle,0.019999999999999577,-0.7091126655199408
508,pressure:valve0:ventricle,0.030000000000001137,-0.6934576433772554
509,pressure:valve0:ventricle,0.03999999999999915,-0.32963237313951427
510,pressure:valve0:ventricle,0.05000000000000071,0.7695437297613752
511,pressure:valve0:ventricle,0.060000000000002274,3.010562920652963
512,pressure:valve0:ventricle,0.07000000000000028,6.672253669624519
513,pressure:valve0:ventricle,0.08000000000000183,11.821496795913944
514,pressure:valve0:ventricle,0.08999999999999986,18.247886233690487
515,pressure:valve0:ventricle,0.10000000000000142,25.46515585562864
516,pressure:valve0:ventricle,0.10999999999999945,32.765643342444264
517,pressure:valve0:ventricle,0.120000000000001,39.32674333101819
518,pressure:valve0:ventricle,0.129999999999999,44.345332204897986
519,pressure:valve0:ventricle,0.14000000000000057,47.17596296592293
520,pressure:valve0:ventricle,0.15000000000000213,47.44447755268136
521,pressure:valve0:ventricle,0.16000000000000014,45.11485957137199
522,pressure:valve0:ventricle,0.17000000000000173,40.49568109016276
523,pressure:valve0:ventricle,0.17999999999999972,34.184973140685294
524,pressure:valve0:ventricle,0.19000000000000128,26.96450943522131
525,pressure:valve0:ventricle,0.1999999999999993,19.664654653301294
526,pressure:valve0:ventricle,0.21000000000000085,13.026571545253091
527,pressure:valve0:ventricle,0.2199999999999989,7.588756937189775
528,pressure:valve0:ventricle,0.23000000000000043,3.619465243657355
529,pressure:valve0:ventricle,0.240000000000002,1.1067821685099926
530,pressure:valve0:ventricle,0.25,-0.19403175401219364
531,pressure:valve0:ventricle,0.26000000000000156,-0.6682363246066804
532,pressure:valve0:ventricle,0.2699999999999996,-0.7258771514922112
533,pressure:valve0:ventricle,0.28000000000000114,-0.6887447277414458
534,pressure:valve0:ventricle,0.28999999999999915,-0.6973320586317368
535,pressure:valve0:ventricle,0.3000000000000007,-0.6930372480786503
536,pressure:valve0:ventricle,0.3100000000000023,-0.6951835088580686
537,pressure:valve0:ventricle,0.3200000000000003,-0.6941092345188139
538,pressure:valve0:ventricle,0.33000000000000185,-0.6946452282337082
539,pressure:valve0:ventricle,0.33999999999999986,-0.6943760883678715
540,pressure:valve0:ventricle,0.3500000000000014,-0.6945095156951752
541,pressure:valve0:ventricle,0.35999999999999943,-0.6944416597893411
542,pressure:valve0:ventricle,0.37000000000000094,-0.6944744458280159
543,pressure:valve0:ventricle,0.37999999999999906,-0.6944569111903441
544,pressure:valve0:ventricle,0.39000000000000057,-0.6944645371578542
545,pressure:valve0:ventricle,0.4000000000000022,-0.694459583063706
546,pressure:valve0:ventricle,0.41000000000000014,-0.6944609192177879
547,pressure:valve0:ventricle,0.4200000000000017,-0.6944591104439254
548,pressure:valve0:ventricle,0.42999999999999966,-0.6944588743110459
549,pressure:valve0:ventricle,0.4400000000000013,-0.6944578520174
550,pressure:valve0:ventricle,0.4499999999999993,-0.6944572229482644
551,pressure:valve0:ventricle,0.46000000000000085,-0.6944563973969248
552,pressure:valve0:ventricle,0.46999999999999886,-0.6944556702040381
553,pressure:valve0:ventricle,0.4800000000000004,-0.694454893937819
554,pressure:valve0:ventricle,0.490000000000002,-0.694454142303817
555,pressure:valve0:ventricle,0.5,-0.6944533784399292
556,pressure:valve0:ventricle,0.5100000000000016,-0.6944526207687876
557,pressure:valve0:ventricle,0.5199999999999996,-0.6944518600714794
558,pressure:valve0:ventricle,0.5300000000000011,-0.6944511009506056
559,pressure:valve0:ventricle,0.5399999999999991,-0.6944503410986833
560,pressure:valve0:ventricle,0.5500000000000007,-0.6944495816638695
561,pressure:valve0:ventricle,0.5600000000000023,-0.6944488220670524
562,pressure:valve0:ventricle,0.5700000000000003,-0.6944480625932442
563,pressure:valve0:ventricle,0.5800000000000018,-0.6944473030958377
564,pressure:valve0:ventricle,0.5899999999999999,-0.6944465436444366
565,pressure:valve0:ventricle,0.6000000000000014,-0.6944457842009023
566,pressure:valve0:ventricle,0.6099999999999994,-0.6944450247812901
567,pressure:valve0:ventricle,0.620000000000001,-0.6944442653748566
568,pressure:valve0:ventricle,0.629999999999999,-0.6944435059845174
569,pressure:valve0:ventricle,0.6400000000000006,-0.6944427466066065
570,pressure:valve0:ventricle,0.6500000000000021,-0.6944419872409565
571,pressure:valve0:ventricle,0.6600000000000001,-0.6944412278858504
572,pressure:valve0:ventricle,0.6700000000000017,-0.6944404685405218
573,pressure:valve0:ventricle,0.6799999999999997,-0.6944397092038845
574,pressure:valve0:ventricle,0.6900000000000013,-0.6944389498751615
575,pressure:valve0:ventricle,0.6999999999999993,-0.6944381905535437
576,pressure:valve0:ventricle,0.7100000000000009,-0.6944374312383603
577,pressure:valve0:ventricle,0.7199999999999989,-0.6944366719289725
578,pressure:valve0:ventricle,0.7300000000000004,-0.694435912624823
579,pressure:valve0:ventricle,0.7400000000000019,-0.6944351533253984
580,pressure:valve0:ventricle,0.75,-0.6944343940302425
581,pressure:valve0:ventricle,0.7600000000000016,-0.6944336347389356
582,pressure:valve0:ventricle,0.7699999999999996,-0.6944328754511084
583,pressure:valve0:ventricle,0.7800000000000011,-0.6944321161664205
584,pressure:valve0:ventricle,0.7899999999999991,-0.6944313568845675
585,pressure:valve0:ventricle,0.8000000000000006,-0.6944305976052743
586,pressure:valve0:ventricle,0.8100000000000023,-0.6944298383282947
587,pressure:valve0:ventricle,0.8200000000000003,-0.6944290790534012
588,pressure:valve0:ventricle,0.830000000000002,-0.6944283197803949
589,pressure:valve0:ventricle,0.8399999999999999,-0.6944275605090935
590,pressure:valve0:ventricle,0.8500000000000014,-0.694426801239329
591,pressure:valve0:ventricle,0.8599999999999993,-0.6944260419709568
592,pressure:valve0:ventricle,0.870000000000001,-0.6944252827038422
593,pressure:valve0:ventricle,0.879999999999999,-0.694424523437862
594,pressure:valve0:ventricle,0.8900000000000007,-0.6944237641729114
595,pressure:valve0:ventricle,0.9000000000000021,-0.6944230049088878
596,pressure:valve0:ventricle,0.91,-0.6944222456457043
597,pressure:valve0:ventricle,0.9200000000000016,-0.6944214863832819
598,pressure:valve0:ventricle,0.9299999999999997,-0.6944207271215456
599,pressure:valve0:ventricle,0.9400000000000013,-0.6944199678604346
600,pressure:valve0:ventricle,0.9499999999999994,-0.6944192085998845
601,pressure:valve0:ventricle,0.9600000000000009,-0.6944184493398454
602,pressure:valve0:ventricle,0.9699999999999989,-0.6944176900802701
603,pressure:valve0:ventricle,0.9800000000000004,-0.6944169308211122
604,pressure:valve0:ventricle,0.9900000000000021,-0.6944161715623355
605,pressure:valve0:ventricle,1.0,-0.6944154123039044
606,flow:ventricle:valve1,0.0,-0.0013133338141248247
607,flow:ventricle:valve1,0.010000000000001563,-0.0013133332379366349
608,flow:ventricle:valve1,0.019999999999999577,-0.001313721435402991
609,flow:ventricle:valve1,0.030000000000001137,-0.0013133042944903743
610,flow:ventricle:valve1,0.03999999999999915,-0.0013036408130249334
611,flow:ventricle:valve1,0.05000000000000071,-0.0012744687401766547
612,flow:ventricle:valve1,0.060000000000002274,-0.0012150354943483784
613,flow:ventricle:valve1,0.07000000000000028,-0.0011180008387664377
614,flow:ventricle:valve1,0.08000000000000183,-0.000981665625634142
615,flow:ventricle:valve1,0.08999999999999986,-0.0008116926750429216
616,flow:ventricle:valve1,0.10000000000000142,-0.0006210516160555287
617,flow:ventricle:valve1,0.10999999999999945,-0.0004285566454518993
618,flow:ventricle:valve1,0.120000000000001,-0.0002560283568598357
619,flow:ventricle:valve1,0.129999999999999,-0.00012472036106211555
620,flow:ventricle:valve1,0.14000000000000057,-5.165459808927226e-05
621,flow:ventricle:valve1,0.15000000000000213,-4.661781333992973e-05
622,flow:ventricle:valve1,0.16000000000000014,-0.00011040591570387084
623,flow:ventricle:valve1,0.17000000000000173,-0.00023467514632525313
624,flow:ventricle:valve1,0.17999999999999972,-0.0004034270806537665
625,flow:ventricle:valve1,0.19000000000000128,-0.0005958318105764298
626,flow:ventricle:valve1,0.1999999999999993,-0.0007898247979408335
627,flow:ventricle:valve1,0.21000000000000085,-0.0009657646085033648
628,flow:ventricle:valve1,0.2199999999999989,-0.0011094358747265067
629,flow:ventricle:valve1,0.23000000000000043,-0.001213827221060664
630,flow:ventricle:valve1,0.240000000000002,-0.0012793752275024593
631,flow:ventricle:valve1,0.25,-0.001312688459281607
632,flow:ventricle:valve1,0.26000000000000156,-0.0013240820243244397
633,flow:ventricle:valve1,0.2699999999999996,-0.0013244969798156371
634,flow:ventricle:valve1,0.28000000000000114,-0.0013224992723881357
635,flow:ventricle:valve1,0.28999999999999915,-0.0013218169406601671
636,flow:ventricle:valve1,0.3000000000000007,-0.001320880987143852
637,flow:ventricle:valve1,0.3100000000000023,-0.0013201965920624213
638,flow:ventricle:valve1,0.3200000000000003,-0.001319498972855945
639,flow:ventricle:valve1,0.33000000000000185,-0.0013189095270905223
640,flow:ventricle:valve1,0.33999999999999986,-0.0013183576366734928
641,flow:ventricle:valve1,0.3500000000000014,-0.0013178696588671036
642,flow:ventricle:valve1,0.35999999999999943,-0.0013174243385934835
643,flow:ventricle:valve1,0.37000000000000094,-0.0013170250152318456
644,flow:ventricle:valve1,0.37999999999999906,-0.001316663443141118
645,flow:ventricle:valve1,0.39000000000000057,-0.0013163378113142852
646,flow:ventricle:valve1,0.4000000000000022,-0.0013160436711189532
647,flow:ventricle:valve1,0.41000000000000014,-0.0013157784156480206
648,flow:ventricle:valve1,0.4200000000000017,-0.0013155389890539754
649,flow:ventricle:valve1,0.42999999999999966,-0.0013153229857404511
650,flow:ventricle:valve1,0.4400000000000013,-0.0013151280592027623
651,flow:ventricle:valve1,0.4499999999999993,-0.001314952180065832
652,flow:ventricle:valve1,0.46000000000000085,-0.0013147934732105303
653,flow:ventricle:valve1,0.46999999999999886,-0.0013146502686518608
654,flow:ventricle:valve1,0.4800000000000004,-0.0013145210485317256
655,flow:ventricle:valve1,0.490000000000002,-0.0013144044487441453
656,flow:ventricle:valve1,0.5,-0.0013142992356758325
657,flow:ventricle:valve1,0.5100000000000016,-0.0013142042975807712
658,flow:ventricle:valve1,0.5199999999999996,-0.0013141186306166524
659,flow:ventricle:valve1,0.5300000000000011,-0.0013140413293353038
660,flow:ventricle:valve1,0.5399999999999991,-0.0013139715765570384
661,flow:ventricle:valve1,0.5500000000000007,-0.0013139086350064408
662,flow:ventricle:valve1,0.5600000000000023,-0.0013138518393789567
663,flow:ventricle:valve1,0.5700000000000003,-0.001313800589375456
664,flow:ventricle:valve1,0.5800000000000018,-0.001313754343320616
665,flow:ventricle:valve1,0.5899999999999999,-0.0013137126124529008
666,flow:ventricle:valve1,0.6000000000000014,-0.0013136749557481338
667,flow:ventricle:valve1,0.6099999999999994,-0.001313640975260747
668,flow:ventricle:valve1,0.620000000000001,-0.001313610311914047
669,flow:ventricle:valve1,0.629999999999999,-0.001313582641704679
670,flow:ventricle:valve1,0.6400000000000006,-0.0013135576722763211
671,flow:ventricle:valve1,0.6500000000000021,-0.0013135351398287911
672,flow:ventricle:valve1,0.6600000000000001,-0.0013135148063286885
673,flow:ventricle:valve1,0.6700000000000017,-0.00131349645699267
674,flow:ventricle:valve1,0.6799999999999997,-0.0013134798980164596
675,flow:ventricle:valve1,0.6900000000000013,-0.0013134649545257211
676,flow:ventricle:valve1,0.6999999999999993,-0.0013134514687270576
677,flow:ventricle:valve1,0.7100000000000009,-0.0013134392982396283
678,flow:ventricle:valve1,0.7199999999999989,-0.0013134283145897145
679,flow:ventricle:valve1,0.7300000000000004,-0.001313418401852336
680,flow:ventricle:valve1,0.7400000000000019,-0.0013134094554255462
681,flow:ventricle:valve1,0.75,-0.0013134013809244496
682,flow:ventricle:valve1,0.7600000000000016,-0.0013133940931832433
683,flow:ventricle:valve1,0.7699999999999996,-0.0013133875153547411
684,flow:ventricle:valve1,0.7800000000000011,-0.0013133815780978447
685,flow:ventricle:valve1,0.7899999999999991,-0.0013133762188443862
686,flow:ventricle:valve1,0.8000000000000006,-0.0013133713811375727
687,flow:ventricle:valve1,0.8100000000000023,-0.001313367014035063
688,flow:ventricle:valve1,0.8200000000000003,-0.001313363071570333
689,flow:ventricle:valve1,0.830000000000002,-0.0013133595122666623
690,flow:ventricle:valve1,0.8399999999999999,-0.0013133562986985944
691,flow:ventricle:valve1,0.8500000000000014,-0.0013133533970962209
692,flow:ventricle:valve1,0.8599999999999993,-0.0013133507769881286
693,flow:ventricle:valve1,0.870000000000001,-0.0013133484108792148
694,flow:ventricle:valve1,0.879999999999999,-0.0013133462739599766
695,flow:ventricle:valve1,0.8900000000000007,-0.001313344343844191
696,flow:ventricle:valve1,0.9000000000000021,-0.0013133426003322218
697,flow:ventricle:valve1,0.91,-0.0013133410251974433
698,flow:ventricle:valve1,0.9200000000000016,-0.001313339601993524
699,flow:ventricle:valve1,0.9299999999999997,-0.0013133383158805377
700,flow:ventricle:valve1,0.9400000000000013,-0.0013133371534680557
701,flow:ventricle:valve1,0.9499999999999994,-0.0013133361026735643
702,flow:ventricle:valve1,0.9600000000000009,-0.00131333515259472
703,flow:ventricle:valve1,0.9699999999999989,-0.0013133342933940668
704,flow:ventricle:valve1,0.9800000000000004,-0.0013133335161950308
705,flow:ventricle:valve1,0.9900000000000021,-0.00131333281298806
706,flow:ventricle:valve1,1.0,-0.0013133321765459412
707,pressure:ventricle:valve1,0.0,-0.6944786270018615
708,pressure:ventricle:valve1,0.010000000000001563,-0.6944778677400718
709,pressure:ventricle:valve1,0.019999999999999577,-0.7091126398974369
710,pressure:ventricle:valve1,0.030000000000001137,-0.6934576913884793
711,pressure:ventricle:valve1,0.03999999999999915,-0.32963297444068584
712,pressure:ventricle:valve1,0.05000000000000071,0.7695422913928364
713,pressure:ventricle:valve1,0.060000000000002274,3.0105602042878363
714,pressure:ventricle:valve1,0.07000000000000028,6.672249561125711
715,pressure:ventricle:valve1,0.08000000000000183,11.821491310742466
716,pressure:ventricle:valve1,0.08999999999999986,18.247879736024387
717,pressure:ventricle:valve1,0.10000000000000142,25.465148907606153
718,pressure:ventricle:valve1,0.10999999999999945,32.76563670296375
719,pressure:ventricle:valve1,0.120000000000001,39.326737788131574
720,pressure:ventricle:valve1,0.129999999999999,44.34532847057579
721,pressure:ventricle:valve1,0.14000000000000057,47.17596153432777
722,pressure:ventricle:valve1,0.15000000000000213,47.444478621745965
723,pressure:ventricle:valve1,0.16000000000000014,45.114863001228045
724,pressure:ventricle:valve1,0.17000000000000173,40.49568643134021
725,pressure:ventricle:valve1,0.17999999999999972,34.18497971229321
726,pressure:ventricle:valve1,0.19000000000000128,26.964516445524673
727,pressure:ventricle:valve1,0.1999999999999993,19.664661334091132
728,pressure:ventricle:valve1,0.21000000000000085,13.026577276046233
729,pressure:ventricle:valve1,0.2199999999999989,7.588761333765055
730,pressure:ventricle:valve1,0.23000000000000043,3.6194681953566574
731,pressure:ventricle:valve1,0.240000000000002,1.1067838183494167
732,pressure:ventricle:valve1,0.25,-0.19403107972347344
733,pressure:ventricle:valve1,0.26000000000000156,-0.6682362203664245
734,pressure:ventricle:valve1,0.2699999999999996,-0.7258772466301047
735,pressure:ventricle:valve1,0.28000000000000114,-0.6887447849584252
736,pressure:ventricle:valve1,0.28999999999999915,-0.6973320489907088
737,pressure:ventricle:valve1,0.3000000000000007,-0.6930373141523146
738,pressure:ventricle:valve1,0.3100000000000023,-0.6951835026845141
739,pressure:ventricle:valve1,0.3200000000000003,-0.6941092792175072
740,pressure:ventricle:valve1,0.33000000000000185,-0.6946452331612843
741,pressure:ventricle:valve1,0.33999999999999986,-0.6943761164443243
742,pressure:ventricle:valve1,0.3500000000000014,-0.6945095258544202
743,pressure:ventricle:valve1,0.35999999999999943,-0.6944416784217453
744,pressure:ventricle:valve1,0.37000000000000094,-0.694474456869865
745,pressure:ventricle:valve1,0.37999999999999906,-0.6944569246075905
746,pressure:ventricle:valve1,0.39000000000000057,-0.6944645472287049
747,pressure:ventricle:valve1,0.4000000000000022,-0.6944595933357885
748,pressure:ventricle:valve1,0.41000000000000014,-0.6944609278045611
749,pressure:ventricle:valve1,0.4200000000000017,-0.694459118580978
750,pressure:ventricle:valve1,0.42999999999999966,-0.6944588814334106
751,pressure:ventricle:valve1,0.4400000000000013,-0.694457858567657
752,pressure:ventricle:valve1,0.4499999999999993,-0.6944572287898882
753,pressure:ventricle:valve1,0.46000000000000085,-0.6944564027062505
754,pressure:ventricle:valve1,0.46999999999999886,-0.6944556749737508
755,pressure:ventricle:valve1,0.4800000000000004,-0.6944548982532982
756,pressure:ventricle:valve1,0.490000000000002,-0.6944541461915122
757,pressure:ventricle:valve1,0.5,-0.6944533819514105
758,pressure:ventricle:valve1,0.5100000000000016,-0.6944526239354772
759,pressure:ventricle:valve1,0.5199999999999996,-0.6944518629299423
760,pressure:ventricle:valve1,0.5300000000000011,-0.6944511035293873
761,pressure:ventricle:valve1,0.5399999999999991,-0.6944503434259428
762,pressure:ventricle:valve1,0.5500000000000007,-0.6944495837637227
763,pressure:ventricle:valve1,0.5600000000000023,-0.6944488239619532
764,pressure:ventricle:valve1,0.5700000000000003,-0.6944480643030823
765,pressure:ventricle:valve1,0.5800000000000018,-0.6944473046387578
766,pressure:ventricle:valve1,0.5899999999999999,-0.6944465450367062
767,pressure:ventricle:valve1,0.6000000000000014,-0.6944457854572554
768,pressure:ventricle:valve1,0.6099999999999994,-0.6944450259149924
769,pressure:ventricle:valve1,0.620000000000001,-0.6944442663978934
770,pressure:ventricle:valve1,0.629999999999999,-0.6944435069076951
771,pressure:ventricle:valve1,0.6400000000000006,-0.6944427474396804
772,pressure:ventricle:valve1,0.6500000000000021,-0.6944419879927269
773,pressure:ventricle:valve1,0.6600000000000001,-0.6944412285642587
774,pressure:ventricle:valve1,0.6700000000000017,-0.6944404691527339
775,pressure:ventricle:valve1,0.6799999999999997,-0.694439709756366
776,pressure:ventricle:valve1,0.6900000000000013,-0.6944389503737468
777,pressure:ventricle:valve1,0.6999999999999993,-0.6944381910034969
778,pressure:ventricle:valve1,0.7100000000000009,-0.6944374316444317
779,pressure:ventricle:valve1,0.7199999999999989,-0.6944366722954484
780,pressure:ventricle:valve1,0.7300000000000004,-0.6944359129555705
781,pressure:ventricle:valve1,0.7400000000000019,-0.6944351536239076
782,pressure:ventricle:valve1,0.75,-0.6944343942996624
783,pressure:ventricle:valve1,0.7600000000000016,-0.6944336349821073
784,pressure:ventricle:valve1,0.7699999999999996,-0.6944328756705958
785,pressure:ventricle:valve1,0.7800000000000011,-0.6944321163645369
786,pressure:ventricle:valve1,0.7899999999999991,-0.6944313570634003
787,pressure:ventricle:valve1,0.8000000000000006,-0.6944305977667071
788,pressure:ventricle:valve1,0.8100000000000023,-0.6944298384740271
789,pressure:ventricle:valve1,0.8200000000000003,-0.6944290791849668
790,pressure:ventricle:valve1,0.830000000000002,-0.6944283198991772
791,pressure:ventricle:valve1,0.8399999999999999,-0.6944275606163411
792,pressure:ventricle:valve1,0.8500000000000014,-0.694426801336169
793,pressure:ventricle:valve1,0.8599999999999993,-0.6944260420584054
794,pressure:ventricle:valve1,0.870000000000001,-0.6944252827828168
795,pressure:ventricle:valve1,0.879999999999999,-0.6944245235091903
796,pressure:ventricle:valve1,0.8900000000000007,-0.6944237642373402
797,pressure:ventricle:valve1,0.9000000000000021,-0.6944230049670912
798,pressure:ventricle:valve1,0.91,-0.6944222456982903
799,pressure:ventricle:valve1,0.9200000000000016,-0.6944214864307989
800,pressure:ventricle:valve1,0.9299999999999997,-0.694420727164489
801,pressure:ventricle:valve1,0.9400000000000013,-0.6944199678992511
802,pressure:ventricle:valve1,0.9499999999999994,-0.6944192086349773
803,pressure:ventricle:valve1,0.9600000000000009,-0.694418449371578
804,pressure:ventricle:valve1,0.9699999999999989,-0.6944176901089707
805,pressure:ventricle:valve1,0.9800000000000004,-0.6944169308470771
806,pressure:ventricle:valve1,0.9900000000000021,-0.6944161715858318
807,pressure:ventricle:valve1,1.0,-0.6944154123251733
808,flow:valve1:vessel,0.0,-0.0013133338141248247
809,flow:valve1:vessel,0.010000000000001563,-0.0013133332379366349
810,flow:valve1:vessel,0.019999999999999577,-0.001313721435402991
811,flow:valve1:vessel,0.030000000000001137,-0.0013133042944903743
812,flow:valve1:vessel,0.03999999999999915,-0.0013036408130249334
813,flow:valve1:vessel,0.05000000000000071,-0.0012744687401766547
814,flow:valve1:vessel,0.060000000000002274,-0.0012150354943483784
815,flow:valve1:vessel,0.07000000000000028,-0.0011180008387664377
816,flow:valve1:vessel,0.08000000000000183,-0.000981665625634142
817,flow:valve1:vessel,0.08999999999999986,-0.0008116926750429214
818,flow:valve1:vessel,0.10000000000000142,-0.0006210516160555289
819,flow:valve1:vessel,0.10999999999999945,-0.00042855664545189914
820,flow:valve1:vessel,0.120000000000001,-0.0002560283568598358
821,flow:valve1:vessel,0.129999999999999,-0.00012472036106211547
822,flow:valve1:vessel,0.14000000000000057,-5.1654598089272414e-05
823,flow:valve1:vessel,0.15000000000000213,-4.661781333992966e-05
824,flow:valve1:vessel,0.16000000000000014,-0.00011040591570387088
825,flow:valve1:vessel,0.17000000000000173,-0.00023467514632525305
826,flow:valve1:vessel,0.17999999999999972,-0.0004034270806537665
827,flow:valve1:vessel,0.19000000000000128,-0.0005958318105764298
828,flow:valve1:vessel,0.1999999999999993,-0.0007898247979408335
829,flow:valve1:vessel,0.21000000000000085,-0.0009657646085033648
830,flow:valve1:vessel,0.2199999999999989,-0.0011094358747265067
831,flow:valve1:vessel,0.23000000000000043,-0.001213827221060664
832,flow:valve1:vessel,0.240000000000002,-0.0012793752275024593
833,flow:valve1:vessel,0.25,-0.001312688459281607
834,flow:valve1:vessel,0.26000000000000156,-0.0013240820243244397
835,flow:valve1:vessel,0.2699999999999996,-0.0013244969798156371
836,flow:valve1:vessel,0.28000000000000114,-0.0013224992723881357
837,flow:valve1:vessel,0.28999999999999915,-0.0013218169406601671
838,flow:valve1:vessel,0.3000000000000007,-0.001320880987143852
839,flow:valve1:vessel,0.3100000000000023,-0.0013201965920624213
840,flow:valve1:vessel,0.3200000000000003,-0.001319498972855945
841,flow:valve1:vessel,0.33000000000000185,-0.0013189095270905223
842,flow:valve1:vessel,0.33999999999999986,-0.001318357636673493
843,flow:valve1:vessel,0.3500000000000014,-0.0013178696588671036
844,flow:valve1:vessel,0.35999999999999943,-0.0013174243385934835
845,flow:valve1:vessel,0.37000000000000094,-0.0013170250152318456
846,flow:valve1:vessel,0.37999999999999906,-0.001316663443141118
847,flow:valve1:vessel,0.39000000000000057,-0.0013163378113142852
848,flow:valve1:vessel,0.4000000000000022,-0.0013160436711189532
849,flow:valve1:vessel,0.41000000000000014,-0.0013157784156480206
850,flow:valve1:vessel,0.4200000000000017,-0.0013155389890539754
851,flow:valve1:vessel,0.42999999999999966,-0.0013153229857404511
852,flow:valve1:vessel,0.4400000000000013,-0.001315128059202762
853,flow:valve1:vessel,0.4499999999999993,-0.0013149521800658323
854,flow:valve1:vessel,0.46000000000000085,-0.0013147934732105303
855,flow:valve1:vessel,0.46999999999999886,-0.0013146502686518613
856,flow:valve1:vessel,0.4800000000000004,-0.0013145210485317256
857,flow:valve1:vessel,0.490000000000002,-0.0013144044487441453
858,flow:valve1:vessel,0.5,-0.0013142992356758325
859,flow:valve1:vessel,0.5100000000000016,-0.0013142042975807712
860,flow:valve1:vessel,0.5199999999999996,-0.0013141186306166524
861,flow:valve1:vessel,0.5300000000000011,-0.0013140413293353038
862,flow:valve1:vessel,0.5399999999999991,-0.0013139715765570384
863,flow:valve1:vessel,0.5500000000000007,-0.0013139086350064408
864,flow:valve1:vessel,0.5600000000000023,-0.0013138518393789567
865,flow:valve1:vessel,0.5700000000000003,-0.001313800589375456
866,flow:valve1:vessel,0.5800000000000018,-0.001313754343320616
867,flow:valve1:vessel,0.5899999999999999,-0.0013137126124529008
868,flow:valve1:vessel,0.6000000000000014,-0.0013136749557481338
869,flow:valve1:vessel,0.6099999999999994,-0.001313640975260747
870,flow:valve1:vessel,0.620000000000001,-0.001313610311914047
871,flow:valve1:vessel,0.629999999999999,-0.001313582641704679
872,flow:valve1:vessel,0.6400000000000006,-0.0013135576722763211
873,flow:valve1:vessel,0.6500000000000021,-0.0013135351398287911
874,flow:valve1:vessel,0.6600000000000001,-0.0013135148063286885
875,flow:valve1:vessel,0.6700000000000017,-0.00131349645699267
876,flow:valve1:vessel,0.6799999999999997,-0.0013134798980164596
877,flow:valve1:vessel,0.6900000000000013,-0.0013134649545257211
878,flow:valve1:vessel,0.6999999999999993,-0.0013134514687270576
879,flow:valve1:vessel,0.7100000000000009,-0.0013134392982396283
880,flow:valve1:vessel,0.7199999999999989,-0.0013134283145897145
881,flow:valve1:vessel,0.7300000000000004,-0.001313418401852336
882,flow:valve1:vessel,0.7400000000000019,-0.0013134094554255462
883,flow:valve1:vessel,0.75,-0.0013134013809244496
884,flow:valve1:vessel,0.7600000000000016,-0.0013133940931832433
885,flow:valve1:vessel,0.7699999999999996,-0.0013133875153547411
886,flow:valve1:vessel,0.7800000000000011,-0.0013133815780978447
887,flow:valve1:vessel,0.7899999999999991,-0.0013133762188443862
888,flow:valve1:vessel,0.8000000000000006,-0.0013133713811375727
889,flow:valve1:vessel,0.8100000000000023,-0.001313367014035063
890,flow:valve1:vessel,0.8200000000000003,-0.001313363071570333
891,flow:valve1:vessel,0.830000000000002,-0.0013133595122666623
892,flow:valve1:vessel,0.8399999999999999,-0.0013133562986985944
893,flow:valve1:vessel,0.8500000000000014,-0.0013133533970962209
894,flow:valve1:vessel,0.8599999999999993,-0.0013133507769881286
895,flow:valve1:vessel,0.870000000000001,-0.0013133484108792148
896,flow:valve1:vessel,0.879999999999999,-0.0013133462739599766
897,flow:valve1:vessel,0.8900000000000007,-0.001313344343844191
898,flow:valve1:vessel,0.9000000000000021,-0.0013133426003322218
899,flow:valve1:vessel,0.91,-0.0013133410251974433
900,flow:valve1:vessel,0.9200000000000016,-0.001313339601993524
901,flow:valve1:vessel,0.9299999999999997,-0.0013133383158805377
902,flow:valve1:vessel,0.9400000000000013,-0.0013133371534680557
903,flow:valve1:vessel,0.9499999999999994,-0.0013133361026735643
904,flow:valve1:vessel,0.9600000000000009,-0.00131333515259472
905,flow:valve1:vessel,0.9699999999999989,-0.0013133342933940668
906,flow:valve1:vessel,0.9800000000000004,-0.0013133335161950308
907,flow:valve1:vessel,0.9900000000000021,-0.00131333281298806
908,flow:valve1:vessel,1.0,-0.0013133321765459412
909,pressure:valve1:vessel,0.0,48.5555525360172
910,pressure:valve1:vessel,0.010000000000001563,48.55553168821612
911,pressure:valve1:vessel,0.019999999999999577,48.55545432492907
912,pressure:valve1:vessel,0.030000000000001137,48.55546648504352
913,pressure:valve1:vessel,0.03999999999999915,48.55691055040244
914,pressure:valve1:vessel,0.05000000000000071,48.56213279270481
915,pressure:valve1:vessel,0.060000000000002274,48.57440339270697
916,pressure:valve1:vessel,0.07000000000000028,48.59729219487551
917,pressure:valve1:vessel,0.08000000000000183,48.633962088679056
918,pressure:valve1:vessel,0.08999999999999986,48.68636316706069
919,pressure:valve1:vessel,0.10000000000000142,48.75459072020465
920,pressure:valve1:vessel,0.10999999999999945,48.836515192976435
921,pressure:valve1:vessel,0.120000000000001,48.92780373065898
922,pressure:valve1:vessel,0.129999999999999,49.02234325760874
923,pressure:valve1:vessel,0.14000000000000057,49.11300947922146
924,pressure:valve1:vessel,0.15000000000000213,49.19264708817147
925,pressure:valve1:vessel,0.16000000000000014,49.25508594418236
926,pressure:valve1:vessel,0.17000000000000173,49.296006765288666
927,pressure:valve1:vessel,0.17999999999999972,49.31349927108026
928,pressure:valve1:vessel,0.19000000000000128,49.30821530045889
929,pressure:valve1:vessel,0.1999999999999993,49.283099155120375
930,pressure:valve1:vessel,0.21000000000000085,49.242759752568496
931,pressure:valve1:vessel,0.2199999999999989,49.192617730367814
932,pressure:valve1:vessel,0.23000000000000043,49.138001123403775
933,pressure:valve1:vessel,0.240000000000002,49.083367643443914
934,pressure:valve1:vessel,0.25,49.031799270221384
935,pressure:valve1:vessel,0.26000000000000156,48.984852932620285
936,pressure:valve1:vessel,0.2699999999999996,48.9427727414261
937,pressure:valve1:vessel,0.28000000000000114,48.90499115458939
938,pressure:valve1:vessel,0.28999999999999915,48.87081644393497
939,pressure:valve1:vessel,0.3000000000000007,48.84001291255202
940,pressure:valve1:vessel,0.3100000000000023,48.8122019016222
941,pressure:valve1:vessel,0.3200000000000003,48.78711539787017
942,pressure:valve1:vessel,0.33000000000000185,48.764475221828576
943,pressure:valve1:vessel,0.33999999999999986,48.74404844238804
944,pressure:valve1:vessel,0.3500000000000014,48.72561586035855
945,pressure:valve1:vessel,0.35999999999999943,48.7089841930773
946,pressure:valve1:vessel,0.37000000000000094,48.6939767845745
947,pressure:valve1:vessel,0.37999999999999906,48.68043535981877
948,pressure:valve1:vessel,0.39000000000000057,48.6682165404351
949,pressure:valve1:vessel,0.4000000000000022,48.65719123406167
950,pressure:valve1:vessel,0.41000000000000014,48.64724281678037
951,pressure:valve1:vessel,0.4200000000000017,48.63826612633299
952,pressure:valve1:vessel,0.42999999999999966,48.63016623706338
953,pressure:valve1:vessel,0.4400000000000013,48.62285751281651
954,pressure:valve1:vessel,0.4499999999999993,48.61626267320062
955,pressure:valve1:vessel,0.46000000000000085,48.61031199062337
956,pressure:valve1:vessel,0.46999999999999886,48.60494254597372
957,pressure:valve1:vessel,0.4800000000000004,48.6000975668969
958,pressure:valve1:vessel,0.490000000000002,48.595725825758414
959,pressure:valve1:vessel,0.5,48.59178109888467
960,pressure:valve1:vessel,0.5100000000000016,48.588221677386414
961,pressure:valve1:vessel,0.5199999999999996,48.585009926380835
962,pressure:valve1:vessel,0.5300000000000011,48.58211188695779
963,pressure:valve1:vessel,0.5399999999999991,48.579496917178766
964,pressure:valve1:vessel,0.5500000000000007,48.57713736806416
965,pressure:valve1:vessel,0.5600000000000023,48.57500829126733
966,pressure:valve1:vessel,0.5700000000000003,48.5730871752824
967,pressure:valve1:vessel,0.5800000000000018,48.571353707427775
968,pressure:valve1:vessel,0.5899999999999999,48.5697895590732
969,pressure:valve1:vessel,0.6000000000000014,48.56837819184731
970,pressure:valve1:vessel,0.6099999999999994,48.56710468277278
971,pressure:valve1:vessel,0.620000000000001,48.56595556648199
972,pressure:valve1:vessel,0.629999999999999,48.564918692844195
973,pressure:valve1:vessel,0.6400000000000006,48.56398309849909
974,pressure:valve1:vessel,0.6500000000000021,48.56313889093833
975,pressure:valve1:vessel,0.6600000000000001,48.562377143909615
976,pressure:valve1:vessel,0.6700000000000017,48.56168980303696
977,pressure:valve1:vessel,0.6799999999999997,48.561069600659856
978,pressure:valve1:vessel,0.6900000000000013,48.56050997899034
979,pressure:valve1:vessel,0.6999999999999993,48.560005020775854
980,pressure:valve1:vessel,0.7100000000000009,48.559549386734616
981,pressure:valve1:vessel,0.7199999999999989,48.55913825910199
982,pressure:valve1:vessel,0.7300000000000004,48.55876729069105
983,pressure:valve1:vessel,0.7400000000000019,48.55843255892864
984,pressure:valve1:vessel,0.75,48.558130524381
985,pressure:valve1:vessel,0.7600000000000016,48.55785799333045
986,pressure:valve1:vessel,0.7699999999999996,48.55761208400735
987,pressure:valve1:vessel,0.7800000000000011,48.55739019612044
988,pressure:valve1:vessel,0.7899999999999991,48.55718998336326
989,pressure:valve1:vessel,0.8000000000000006,48.5570093286061
990,pressure:valve1:vessel,0.8100000000000023,48.55684632151098
991,pressure:valve1:vessel,0.8200000000000003,48.55669923833322
992,pressure:valve1:vessel,0.830000000000002,48.55656652369579
993,pressure:valve1:vessel,0.8399999999999999,48.556446774143936
994,pressure:valve1:vessel,0.8500000000000014,48.55633872330608
995,pressure:valve1:vessel,0.8599999999999993,48.556241228504184
996,pressure:valve1:vessel,0.870000000000001,48.556153258671856
997,pressure:valve1:vessel,0.879999999999999,48.55607388345267
998,pressure:valve1:vessel,0.8900000000000007,48.556002263363254
999,pressure:valve1:vessel,0.9000000000000021,48.55593764091723
1000,pressure:valve1:vessel,0.91,48.55587933261608
1001,pressure:valve1:vessel,0.9200000000000016,48.555826721722376
1002,pressure:valve1:vessel,0.9299999999999997,48.55577925173884
1003,pressure:valve1:vessel,0.9400000000000013,48.55573642052436
1004,pressure:valve1:vessel,0.9499999999999994,48.55569777498473
1005,pressure:valve1:vessel,0.9600000000000009,48.555662906281945
1006,pressure:valve1:vessel,0.9699999999999989,48.55563144551148
1007,pressure:valve1:vessel,0.9800000000000004,48.55560305980175
1008,pressure:valve1:vessel,0.9900000000000021,48.55557744879456
1009,pressure:valve1:vessel,1.0,48.55555434146939
1010,Vc:ventricle,0.0,96.11042746038812
1011,Vc:ventricle,0.010000000000001563,96.11044264558373
1012,Vc:ventricle,0.019999999999999577,96.11045783492828
1013,Vc:ventricle,0.030000000000001137,96.1104730231428
1014,Vc:ventricle,0.03999999999999915,96.11048810488744
1015,Vc:ventricle,0.05000000000000071,96.11050279161904
1016,Vc:ventricle,0.060000000000002274,96.11051658392103
1017,Vc:ventricle,0.07000000000000028,96.11052880313926
1018,Vc:ventricle,0.08000000000000183,96.11053868029968
1019,Vc:ventricle,0.08999999999999986,96.11054548634344
1020,Vc:ventricle,0.10000000000000142,96.11054867804037
1021,Vc:ventricle,0.10999999999999945,96.11054802934301
1022,Vc:ventricle,0.120000000000001,96.1105437197065
1023,Vc:ventricle,0.129999999999999,96.11053635867619
1024,Vc:ventricle,0.14000000000000057,96.1105269382769
1025,Vc:ventricle,0.15000000000000213,96.11051671892128
1026,Vc:ventricle,0.16000000000000014,96.11050706776628
1027,Vc:ventricle,0.17000000000000173,96.11049927795369
1028,Vc:ventricle,0.17999999999999972,96.11049440100612
1029,Vc:ventricle,0.19000000000000128,96.11049312201695
1030,Vc:ventricle,0.1999999999999993,96.11049569871858
1031,Vc:ventricle,0.21000000000000085,96.11050197280812
1032,Vc:ventricle,0.2199999999999989,96.1105114476807
1033,Vc:ventricle,0.23000000000000043,96.11052341390352
1034,Vc:ventricle,0.240000000000002,96.11053709498628
1035,Vc:ventricle,0.25,96.11055178303967
1036,Vc:ventricle,0.26000000000000156,96.11056693731935
1037,Vc:ventricle,0.2699999999999996,96.11058222764157
1038,Vc:ventricle,0.28000000000000114,96.11059751728268
1039,Vc:ventricle,0.28999999999999915,96.11061279130948
1040,Vc:ventricle,0.3000000000000007,96.11062805645489
1041,Vc:ventricle,0.3100000000000023,96.11064331382468
1042,Vc:ventricle,0.3200000000000003,96.11065856413069
1043,Vc:ventricle,0.33000000000000185,96.11067380807232
1044,Vc:ventricle,0.33999999999999986,96.11068904626933
1045,Vc:ventricle,0.3500000000000014,96.11070427928313
1046,Vc:ventricle,0.35999999999999943,96.11071950761983
1047,Vc:ventricle,0.37000000000000094,96.11073473173633
1048,Vc:ventricle,0.37999999999999906,96.11074995204478
1049,Vc:ventricle,0.39000000000000057,96.11076516891707
1050,Vc:ventricle,0.4000000000000022,96.1107803826888
1051,Vc:ventricle,0.41000000000000014,96.11079559366277
1052,Vc:ventricle,0.4200000000000017,96.11081080211223
1053,Vc:ventricle,0.42999999999999966,96.11082600828371
1054,Vc:ventricle,0.4400000000000013,96.11084121239968
1055,Vc:ventricle,0.4499999999999993,96.11085641466089
1056,Vc:ventricle,0.46000000000000085,96.11087161524843
1057,Vc:ventricle,0.46999999999999886,96.11088681432577
1058,Vc:ventricle,0.4800000000000004,96.11090201204037
1059,Vc:ventricle,0.490000000000002,96.1109172085253
1060,Vc:ventricle,0.5,96.1109324039006
1061,Vc:ventricle,0.5100000000000016,96.11094759827466
1062,Vc:ventricle,0.5199999999999996,96.11096279174522
1063,Vc:ventricle,0.5300000000000011,96.11097798440048
1064,Vc:ventricle,0.5399999999999991,96.11099317632005
1065,Vc:ventricle,0.5500000000000007,96.11100836757575
1066,Vc:ventricle,0.5600000000000023,96.11102355823236
1067,Vc:ventricle,0.5700000000000003,96.1110387483484
1068,Vc:ventricle,0.5800000000000018,96.1110539379766
1069,Vc:ventricle,0.5899999999999999,96.11106912716457
1070,Vc:ventricle,0.6000000000000014,96.11108431595528
1071,Vc:ventricle,0.6099999999999994,96.11109950438752
1072,Vc:ventricle,0.620000000000001,96.1111146924962
1073,Vc:ventricle,0.629999999999999,96.11112988031297
1074,Vc:ventricle,0.6400000000000006,96.1111450678662
1075,Vc:ventricle,0.6500000000000021,96.11116025518167
1076,Vc:ventricle,0.6600000000000001,96.11117544228256
1077,Vc:ventricle,0.6700000000000017,96.11119062918976
1078,Vc:ventricle,0.6799999999999997,96.1112058159222
1079,Vc:ventricle,0.6900000000000013,96.11122100249685
1080,Vc:ventricle,0.6999999999999993,96.11123618892908
1081,Vc:ventricle,0.7100000000000009,96.1112513752328
1082,Vc:ventricle,0.7199999999999989,96.11126656142052
1083,Vc:ventricle,0.7300000000000004,96.11128174750354
1084,Vc:ventricle,0.7400000000000019,96.111296933492
1085,Vc:ventricle,0.75,96.11131211939517
1086,Vc:ventricle,0.7600000000000016,96.11132730522128
1087,Vc:ventricle,0.7699999999999996,96.11134249097783
1088,Vc:ventricle,0.7800000000000011,96.11135767667159
1089,Vc:ventricle,0.7899999999999991,96.11137286230864
1090,Vc:ventricle,0.8000000000000006,96.11138804789448
1091,Vc:ventricle,0.8100000000000023,96.11140323343409
1092,Vc:ventricle,0.8200000000000003,96.11141841893196
1093,Vc:ventricle,0.830000000000002,96.11143360439208
1094,Vc:ventricle,0.8399999999999999,96.11144878981814
1095,Vc:ventricle,0.8500000000000014,96.11146397521341
1096,Vc:ventricle,0.8599999999999993,96.11147916058084
1097,Vc:ventricle,0.870000000000001,96.11149434592316
1098,Vc:ventricle,0.879999999999999,96.11150953124275
1099,Vc:ventricle,0.8900000000000007,96.11152471654178
1100,Vc:ventricle,0.9000000000000021,96.11153990182224
1101,Vc:ventricle,0.91,96.1115550870859
1102,Vc:ventricle,0.9200000000000016,96.11157027233436
1103,Vc:ventricle,0.9299999999999997,96.11158545756905
1104,Vc:ventricle,0.9400000000000013,96.11160064279133
1105,Vc:ventricle,0.9499999999999994,96.1116158280023
1106,Vc:ventricle,0.9600000000000009,96.11163101320307
1107,Vc:ventricle,0.9699999999999989,96.1116461983946
1108,Vc:ventricle,0.9800000000000004,96.11166138357775
1109,Vc:ventricle,0.9900000000000021,96.11167656875328
1110,Vc:ventricle,1.0,96.11169175392192
