sample_index,alpha_lpa,beta_lpa,lrr_lpa,alpha_rpa,beta_rpa,lrr_rpa,constant_indicator_lpa,constant_indicator_rpa,eh_lpa,eh_rpa,k1_lpa,k2_lpa,k3_lpa,k1_rpa,k2_rpa,k3_rpa,compliance_label_lpa,compliance_label_rpa,mpa_systolic,mpa_diastolic,mpa_mean,rpa_split,lpa_split
0,0.18374005191143772,0.3215709211826413,18.124904419751616,0.5474856364829794,0.4315328545336622,16.592867571123563,0.0,0.0,0.0,0.0,27612080.14370988,-28.226022999154452,1238082.3353570087,19003427.11420469,-21.143949026098085,1295246.281175509,Olufsen,Olufsen,4359.896601979726,-382.43764575470504,889.3532662042296,0.6737684372647287,0.3262315627352713
1,0.3706821947814408,0.6558653287407554,2.070882557582402,0.6755753613312361,0.36603276789846473,12.225412461171768,1.0,0.0,65297.642218242465,0.0,0.0,0.0,0.0,17243069.408618756,-22.606842049949893,1257250.0094108663,Constant (6.53e+04),Olufsen,3959.6581980191054,2.4272583387564026,819.8612698060692,0.5010452888667255,0.4989547111332745
2,0.617579169771238,0.6149316151386046,8.133429104673787,0.1809380222359364,0.6171546363239903,17.76712449570651,0.0,1.0,0.0,113118.37571806608,10781553.014578084,-26.51891073488831,858799.1706959178,0.0,0.0,0.0,Olufsen,Constant (1.13e+05),4158.130572042896,-196.05863870095072,843.1627060505291,0.37900090203450587,0.6209990979654941
3,0.17377334115900112,0.46648840277142145,19.329986856108818,0.32125357317481085,0.23235311420559587,14.411713120406667,0.0,0.0,0.0,0.0,29201846.938877396,-34.79543094815879,1015314.8686215773,28894656.638594054,-31.653026031293635,1090196.2663288089,Olufsen,Olufsen,3999.657948126242,1.2321056390805467,830.7063476183095,0.4986656895394528,0.5013343104605472
4,0.6752350244216639,0.7032356653696202,11.062006918258056,0.5784694030674677,0.6519570313632482,10.527609188630358,1.0,1.0,148714.94922995614,137930.82991165362,0.0,0.0,0.0,0.0,0.0,0.0,Constant (1.49e+05),Constant (1.38e+05),3957.1341131249037,-11.881348223157636,815.8763009648368,0.4652816505276376,0.5347183494723624
5,0.25065778294842117,0.5916717111600702,11.327789705562946,0.7749505089118905,0.14473094805605588,10.359618108385227,0.0,0.0,0.0,0.0,26549154.46605776,-24.66382193596592,1163682.6624732239,27744241.67903495,-32.08736607641603,1555065.9246169215,Olufsen,Olufsen,4025.719380164213,-1.219165633227473,836.5620635203807,0.4997732741774004,0.5002267258225996
6,0.11255093436916003,0.15294319678194176,12.283156397500683,0.23423053449580603,0.354061419542146,10.73088631705754,1.0,0.0,127601.45337889931,0.0,0.0,0.0,0.0,18341159.04299288,-22.024376142098838,1435649.6888649182,Constant (1.28e+05),Olufsen,3965.8807937477477,-122.20612642550074,844.9229763730476,0.4503506446891132,0.5496493553108868
7,0.530862506244801,0.5610072434475656,7.846104257568537,0.4980636339611394,0.24865716384770858,2.894363618634485,1.0,0.0,117820.02996937158,0.0,0.0,0.0,0.0,23309168.92246057,-26.27663601547789,1349060.1573333782,Constant (1.18e+05),Olufsen,3976.209737681022,-55.048922687905865,822.9182154064772,0.44560049922514905,0.554399500774851
8,0.4314666492896485,0.2482603597934979,8.412831560930385,0.6271753133615282,0.5281011571829123,2.922973247119941,0.0,1.0,0.0,93058.50176758677,16334727.069156995,-23.831379866723392,661458.161610056,0.0,0.0,0.0,Olufsen,Constant (9.31e+04),4402.532210745127,-398.2835747181807,884.8385712574456,0.3118853301094579,0.688114669890542
9,0.7466778912261596,0.6762713124313456,16.63482296532908,0.5677294731403467,0.6881261433529479,13.472762980245081,1.0,1.0,92924.99452037268,103134.89592478085,0.0,0.0,0.0,0.0,0.0,0.0,Constant (9.29e+04),Constant (1.03e+05),3939.759320911336,3.951686683444905,815.0017407851897,0.49671384109699973,0.5032861589030002
10,0.5443256701242077,0.3441398513512714,6.095658268606646,0.20721792611611023,0.1999893428544166,18.54539779908732,0.0,0.0,0.0,0.0,24330740.776352633,-25.09782541224296,1315693.0121977162,18250114.84819117,-15.21682328503478,1314761.0483257505,Olufsen,Olufsen,4402.077484169632,-385.4957073778609,877.6661354609,0.6738608664324185,0.3261391335675815
11,0.2708852764552999,0.3858844675553086,4.4882364992677815,0.7428900460634806,0.2993255937573747,4.653790271227196,1.0,0.0,125301.85900091597,0.0,0.0,0.0,0.0,29962040.505851567,-24.303847293765482,1475949.3521221317,Constant (1.25e+05),Olufsen,4058.9656500944857,-200.3643940937179,848.7909215600325,0.39115611315538024,0.6088438868446198
12,0.20433113530050584,0.18815396941873194,18.45852766380138,0.5118174689748084,0.6100288698472304,9.501384796895199,0.0,0.0,0.0,0.0,19799071.567024447,-19.24732710474458,607075.1880905121,26888737.47424672,-30.981360326167007,801225.1439417544,Olufsen,Olufsen,4111.400559800292,-266.7585518170148,862.9973433717693,0.3725049696785748,0.6274950303214252
13,0.724014466052893,0.22591450768152302,9.180079616100365,0.15524874321323115,0.18910744881176797,17.136775911705087,0.0,1.0,0.0,98398.39462772096,26818295.555604715,-36.71575414496654,737744.8061875731,0.0,0.0,0.0,Olufsen,Constant (9.84e+04),3971.0756208788944,-69.53754881860853,837.0031851007448,0.5331777542510364,0.4668222457489636
14,0.49458418009604466,0.7316980350905437,10.36232126258609,0.47293188334991965,0.7986474391303758,11.169613228959808,1.0,1.0,102841.60593143337,139843.24654335453,0.0,0.0,0.0,0.0,0.0,0.0,Constant (1.03e+05),Constant (1.40e+05),3942.3791262604473,4.4478211217948,816.0275396688498,0.49961450614136765,0.5003854938586323
15,0.45865851558459336,0.33328343559460316,14.607283001906891,0.4815380475551887,0.6424988299071219,18.266459795183728,1.0,1.0,141329.47507655382,121611.32639896289,0.0,0.0,0.0,0.0,0.0,0.0,Constant (1.41e+05),Constant (1.22e+05),3967.1783963186413,-75.13088833228959,829.8632628032242,0.4486867162980501,0.5513132837019499
16,0.7770455823480724,0.43821942026248983,16.718536578693428,0.13596688106339544,0.5605139743485154,15.880278578006351,1.0,0.0,98068.12154915804,0.0,0.0,0.0,0.0,23999707.752537597,-32.51427450660027,1584123.8753286893,Constant (9.81e+04),Olufsen,4025.2840045577236,-13.120882558819877,830.9471616173524,0.5349381742240521,0.4650618257759479
17,0.2094862762082951,0.3615358935293995,7.538786689650036,0.7918582585463713,0.5036202787801471,16.964601872937536,0.0,1.0,0.0,58807.419249855346,26224212.564447593,-22.478885140337326,724904.5402987952,0.0,0.0,0.0,Olufsen,Constant (5.88e+04),3947.1459054444554,3.7314967158374146,817.1807464917,0.4969361753201499,0.5030638246798501
18,0.5036076095085315,0.6345262968713129,5.859876850478097,0.6395324785717904,0.7264595540495623,11.724890511307404,1.0,0.0,99042.95934098863,0.0,0.0,0.0,0.0,28607437.97158348,-21.554818352459456,694253.3115016996,Constant (9.90e+04),Olufsen,3939.1156233842767,4.51193965614157,815.122048016335,0.4987290750785098,0.5012709249214902
19,0.25370099881317243,0.47937276378980087,10.638417323996668,0.7610460708557403,0.6687108209232344,2.23187912999666,1.0,1.0,61216.980406937684,126430.40614639861,0.0,0.0,0.0,0.0,0.0,0.0,Constant (6.12e+04),Constant (1.26e+05),3960.8135013961664,1.2326763495442785,820.4316011990538,0.4949385870002097,0.5050614129997903
20,0.6039700944164389,0.3791248625051752,6.276733933740645,0.4871800451940631,0.7513799209962349,6.594062698074789,1.0,0.0,85006.37958170651,0.0,0.0,0.0,0.0,23539973.987895828,-28.857290170521757,1077160.3340193427,Constant (8.50e+04),Olufsen,3944.8456632920675,4.0160261162666515,816.5116901811602,0.49690334780297135,0.5030966521970286
21,0.4130348593725357,0.6608881780420571,13.15857265949522,0.1867327037905452,0.7786609046625532,19.314218167865754,0.0,1.0,0.0,135843.89862887026,21648515.28149577,-37.7702145625978,1152590.8314444306,0.0,0.0,0.0,Olufsen,Constant (1.36e+05),4008.4840361024208,1.356880493426405,840.2351262885362,0.49072371483763316,0.5092762851623669
22,0.3666128023401317,0.21564985490410699,17.17690327999015,0.2774416826766476,0.7619558658365051,3.7566276239451253,1.0,0.0,76243.59621622086,0.0,0.0,0.0,0.0,13048618.368167384,-31.38444372197983,1437624.3370041735,Constant (7.62e+04),Olufsen,3963.0766886758406,2.597925269838152,821.1624736595247,0.4960700823241028,0.5039299176758971
23,0.7574100391834712,0.3007734288422279,13.818575061179374,0.7381775763794834,0.5765789483754508,14.839767678142596,0.0,0.0,0.0,0.0,20711693.70037351,-33.86599368898149,1210872.4202871479,20810153.7456929,-29.907013232711385,904201.6851807036,Olufsen,Olufsen,3975.066145001034,3.404102892693146,824.947984881103,0.5008458125402897,0.4991541874597103
24,0.3110796175572688,0.5325262514831844,18.912156362517212,0.7844643547264138,0.5854986941121699,3.9043973444563367,1.0,1.0,74579.40397889956,148205.80073182652,0.0,0.0,0.0,0.0,0.0,0.0,Constant (7.46e+04),Constant (1.48e+05),3951.812709761426,2.1152331386589895,818.1716742365827,0.4958083255174808,0.5041916744825192
25,0.33193156030899407,0.4465432621911233,17.87396247279914,0.617074066392545,0.27320927561949837,13.867973965285168,0.0,0.0,0.0,0.0,24936042.544325646,-32.9311349488405,1397060.6548965084,12045526.471321419,-24.22808168701461,1337845.732505198,Olufsen,Olufsen,4373.875736308931,-353.98375098011894,876.198681515312,0.3334767899585989,0.6665232100414011
26,0.5959768636962194,0.7493503901307742,19.9317824071494,0.659569030162079,0.3152112056714448,5.002269018136074,1.0,0.0,107403.12716353405,0.0,0.0,0.0,0.0,13970235.484094553,-37.1772968449705,669434.2957161117,Constant (1.07e+05),Olufsen,3948.3337269465947,3.5829324421511726,817.2477426467775,0.5006893051478685,0.49931069485213153
27,0.2889099493804942,0.20165891811557507,6.918960733593407,0.3823098345796697,0.14716486108327737,12.911359597940248,0.0,0.0,0.0,0.0,22536359.65812215,-29.786996837985594,988215.4897956253,11925849.352576938,-28.280565121594258,1406395.9946867314,Olufsen,Olufsen,4251.453235099084,-218.05065521720488,843.9597005452977,0.3587214303763846,0.6412785696236154
28,0.5850136621345338,0.7288612255642012,16.349385289347754,0.3078330456726872,0.4802875699761384,5.586052424239963,1.0,0.0,146549.32024372788,0.0,0.0,0.0,0.0,11500579.556497792,-23.398625173243435,992427.9920950795,Constant (1.47e+05),Olufsen,3950.1816232405654,3.790961097381163,817.9653594831703,0.5014788660946463,0.4985211339053537
29,0.5651907483793988,0.23333829900670025,14.331240412244819,0.5326603449471555,0.40670332244286866,7.12839341875861,1.0,0.0,50035.19019566712,0.0,0.0,0.0,0.0,29417328.384405036,-17.968635545924617,1567787.8580436343,Constant (5.00e+04),Olufsen,3983.966611123952,-2.4604550603333664,826.814105252231,0.5153851278955291,0.48461487210447085
30,0.7118252681865814,0.5531604831039441,15.31822994025527,0.46156054885197606,0.773252840546542,15.051727999957283,1.0,0.0,147073.5277680144,0.0,0.0,0.0,0.0,12611720.496951975,-19.036611662656888,638161.3818386159,Constant (1.47e+05),Olufsen,3956.4653983554595,3.1407081496152016,819.4321128390848,0.49568096207038753,0.5043190379296125
31,0.3003353803148797,0.11690539548334652,5.064967344347995,0.35387315359915683,0.1057664018285675,9.089531426281958,1.0,1.0,69556.57218839397,62106.157035062904,0.0,0.0,0.0,0.0,0.0,0.0,Constant (6.96e+04),Constant (6.21e+04),4030.453736922732,-83.06619382530266,826.4334556898347,0.45391567164995833,0.5460843283500416
32,0.16995317149098704,0.3460821046970953,2.8689312609084014,0.20191056931349366,0.5154753109110555,4.905694375632379,1.0,0.0,132008.83607772383,0.0,0.0,0.0,0.0,25837188.994298782,-17.085349038111534,1147826.4221147886,Constant (1.32e+05),Olufsen,3967.6389881266196,-1.8823588026157225,819.8396973780078,0.511309075523687,0.488690924476313
33,0.44852305434689665,0.5737292790513839,12.593492207593247,0.11675329395199897,0.48503086728048483,7.645615690395844,1.0,0.0,72278.10735931758,0.0,0.0,0.0,0.0,27223040.62590358,-19.617001933687504,1505723.9058614504,Constant (7.23e+04),Olufsen,4011.5974865094763,-5.489776098216039,830.5272245731251,0.5177628021450239,0.4822371978549761
34,0.6868852678517795,0.7556819983563295,2.9148517482513316,0.15914015496848075,0.1598480583848493,4.179887341782946,0.0,1.0,0.0,129038.8948031142,22120352.673812795,-23.57960114202218,1103087.389551645,0.0,0.0,0.0,Olufsen,Constant (1.29e+05),4059.0596473922046,-176.8118324267494,839.7208643507594,0.6139700195002237,0.3860299804997763
35,0.5185274744819641,0.14198726529105626,12.975371212781189,0.6933453565189969,0.6352587403240781,19.001990726027163,0.0,0.0,0.0,0.0,18459816.430722,-17.4476989371647,810110.6643671306,12731994.040965015,-36.330236989158195,649511.4757661626,Olufsen,Olufsen,4001.652101516892,-5.134984554954023,827.9578752924278,0.4816630090243194,0.5183369909756805
36,0.765140138579879,0.7936886188401726,9.303817561088113,0.3969370162969763,0.4436661515666579,17.90246857874227,0.0,1.0,0.0,55604.846675262204,29930673.050050654,-21.2661113820525,1520287.8977378972,0.0,0.0,0.0,Olufsen,Constant (5.56e+04),3945.371648364473,-31.442083133210946,821.0128258935576,0.5128762497704039,0.4871237502295961
37,0.14325418103728793,0.5080107756829946,12.189934811004084,0.42518878836715346,0.6797450464360568,15.487340525254602,1.0,1.0,137930.2643007811,114494.33300832764,0.0,0.0,0.0,0.0,0.0,0.0,Constant (1.38e+05),Constant (1.14e+05),3993.0765762555316,-3.7785010090637754,826.7242402760629,0.485392553723751,0.514607446276249
38,0.22823230106311518,0.5253283503257934,8.65071666391243,0.257269360345339,0.2148852555538749,19.44001459402042,1.0,1.0,64235.78712151032,83167.28262210607,0.0,0.0,0.0,0.0,0.0,0.0,Constant (6.42e+04),Constant (8.32e+04),3964.763056954648,-43.915914896737306,824.5073426328456,0.5273316500977079,0.4726683499022921
39,0.4212680339042827,0.6459985275834121,15.181337783641364,0.2423320187398513,0.5456197842023994,13.139288784634044,0.0,0.0,0.0,0.0,28693817.19961265,-14.18213442311866,663671.9317613929,15798773.798861543,-35.13813580754635,851280.6611473962,Olufsen,Olufsen,3999.8566617279143,-3.65764220602332,828.3344995401633,0.5151132461830346,0.48488675381696544
40,0.15220333953447157,0.48838709100622024,4.783953507815871,0.5253207082893361,0.33996325947959016,6.8549803571703904,1.0,0.0,141896.40360907704,0.0,0.0,0.0,0.0,16151433.162406236,-34.58017130471171,1531042.1547562848,Constant (1.42e+05),Olufsen,3956.9207525368333,1.9616800499665445,818.9520351889579,0.49392383672433343,0.5060761632756665
41,0.7950059164209224,0.4179966569654845,13.68945796962138,0.12393976434228915,0.26239661322430297,2.55987781031276,0.0,0.0,0.0,0.0,18179522.26186048,-36.220098633224254,627609.245385525,10238121.252835825,-23.44687944684873,1626692.355831726,Olufsen,Olufsen,4560.7910063912,-329.32642930652383,867.9737917490445,0.6979021845303116,0.3020978154696884
42,0.6643012834238261,0.28384693422998664,4.157750004447551,0.2709983024155861,0.1772904527513774,7.800372445036489,0.0,1.0,0.0,140631.5741944206,17641195.176795732,-15.256034960968194,1437216.275705595,0.0,0.0,0.0,Olufsen,Constant (1.41e+05),4004.3785343944223,-81.54120106140678,826.7751227121273,0.5747721003059728,0.4252278996940272
43,0.631579050376024,0.5860545029546148,3.7635839164231086,0.29109171928209476,0.38780467817726494,8.554097370431224,0.0,1.0,0.0,75407.40221643934,10565171.440692065,-34.079239148378264,1046647.2159292381,0.0,0.0,0.0,Olufsen,Constant (7.54e+04),3945.3894619934135,-92.41759845311617,832.8365384571947,0.5453339421773891,0.45466605782261094
44,0.390874422779647,0.1302888031854459,9.542249951665058,0.5657102652130089,0.39946524057067123,14.162284180570769,0.0,0.0,0.0,0.0,10295820.124935053,-26.125535659248584,802133.5832465385,24747916.39229165,-14.20036678364364,613772.0644007735,Olufsen,Olufsen,4009.0350037213248,-8.771805513889445,828.4522431912908,0.4735600145735052,0.5264399854264947
45,0.3346586590030917,0.6106753149294188,19.429018291733676,0.21792542553235997,0.4606609293662941,3.421682781515939,1.0,0.0,51688.36528704597,0.0,0.0,0.0,0.0,21033954.75742307,-18.678342464104176,604977.2763011281,Constant (5.17e+04),Olufsen,4741.053188021366,-463.9046077780189,891.2026027832562,0.7270581122834134,0.27294188771658656
46,0.13134167043550093,0.6845184440679651,5.584711505025737,0.4361513423917487,0.331006116090399,17.333717971945337,0.0,1.0,0.0,123852.18348093177,16766315.979520787,-30.80966668786076,960560.5884279326,0.0,0.0,0.0,Olufsen,Constant (1.24e+05),3974.2987000020985,-72.3492137656796,834.5357942332921,0.5371579369206115,0.46284206307938847
47,0.22948907523576959,0.41071928905528854,11.612886105138674,0.6122215060073858,0.4668285557535474,16.27524591052796,1.0,0.0,130337.93348534571,0.0,0.0,0.0,0.0,21497010.974193584,-20.43703306772885,1037156.585098682,Constant (1.30e+05),Olufsen,3973.2066341271425,-1.9061561885617748,821.2752373582472,0.5090934145076731,0.4909065854923269
48,0.35094371857369255,0.40082512179824237,7.1856828466646645,0.41031313966312755,0.5417035209368165,6.04739125337511,0.0,1.0,0.0,50732.73702561758,24000242.47928089,-18.580319836722428,1341636.7940350194,0.0,0.0,0.0,Olufsen,Constant (5.07e+04),4931.985999396524,-512.4397971484806,911.7752292304592,0.2610428713980376,0.7389571286019624
49,0.7324395859947332,0.5117916552209711,10.750297278931905,0.4457962282589535,0.4261684405349577,11.524361271625306,0.0,1.0,0.0,104769.22427565642,22715133.608710464,-28.956398614719078,1231643.7449874172,0.0,0.0,0.0,Olufsen,Constant (1.05e+05),3966.4397578536905,-53.621145287039894,824.5773806515397,0.5495753875987389,0.4504246124012611
50,0.6458799772698836,0.7687562470834293,17.57502382563058,0.37997820193662124,0.36970605485207053,8.063846768384352,0.0,1.0,0.0,132301.49868529566,13806916.786512185,-16.398576034274974,1109869.9836712289,0.0,0.0,0.0,Olufsen,Constant (1.32e+05),3990.712522073338,-118.88775571871214,834.3738288505378,0.5751550601437967,0.4248449398562033
51,0.40309050678997493,0.4562018135062216,15.832206077875888,0.3416777573652374,0.22613790617760357,19.815091573573465,0.0,1.0,0.0,87567.61120566106,14925355.014596345,-15.583349693106625,935318.4098463089,0.0,0.0,0.0,Olufsen,Constant (8.76e+04),4210.444414291169,-270.9128776944891,859.213443681029,0.3494465547517223,0.6505534452482777
52,0.5717537893966617,0.2982662427393461,15.78658565290241,0.36207637883696586,0.6972050650788858,15.669826548929878,0.0,1.0,0.0,86251.50395196314,16139833.534749668,-22.606437203779805,1435671.6223009753,0.0,0.0,0.0,Olufsen,Constant (8.63e+04),3978.186544186563,2.9800741840111447,825.951296580214,0.49959142740711876,0.5004085725928813
53,0.7061203679067226,0.7114639644840345,14.177325571637894,0.1112458724510898,0.2866984292488379,10.047545755783291,1.0,1.0,109451.12426615314,143087.76548064844,0.0,0.0,0.0,0.0,0.0,0.0,Constant (1.09e+05),Constant (1.43e+05),3978.558267948158,-103.85665783762113,821.317941511428,0.5658804629873881,0.43411953701261186
54,0.4792702392560769,0.7844981967420478,6.739916249821886,0.32288571728404225,0.28091442197007244,8.786983955670536,0.0,1.0,0.0,72529.69812228745,19063413.31822409,-13.604236650913533,1057560.615208495,0.0,0.0,0.0,Olufsen,Constant (7.25e+04),3938.4213151318404,4.515141565273238,814.9066380189192,0.5017747553229943,0.4982252446770057
55,0.6493131584434928,0.1762553828237034,9.98390493919925,0.6630607143611138,0.1226905186771502,12.058218229773694,1.0,0.0,90993.66722701312,0.0,0.0,0.0,0.0,22287136.853240147,-17.575723146206126,1518161.8152405713,Constant (9.10e+04),Olufsen,4064.8546262181058,-13.13186227332562,841.3098272892049,0.5154025024780394,0.4845974975219606
56,0.4667996726658884,0.1015823019321073,2.4185384975990636,0.7014939740031825,0.7406428997382007,12.64533656058206,1.0,1.0,58744.9550572241,56969.4908531291,0.0,0.0,0.0,0.0,0.0,0.0,Constant (5.87e+04),Constant (5.70e+04),3956.8804135167175,-1.992368632834502,816.6927269974572,0.48899166252023296,0.511008337479767
57,0.2759823007348811,0.27337435380163444,18.54585942444743,0.5985090548757905,0.12520936965872054,6.209826981984934,0.0,1.0,0.0,53647.5484280773,20178302.15893353,-28.592906237927323,880597.35051815,0.0,0.0,0.0,Olufsen,Constant (5.36e+04),4111.726582942451,-152.7498371125468,836.4532045831243,0.3912235898424454,0.6087764101575546
58,0.10467409834179575,0.1621915425203097,3.424649390802174,0.7237701840820414,0.7143436977615253,9.331006411032746,1.0,1.0,123804.78220370776,74416.17798804582,0.0,0.0,0.0,0.0,0.0,0.0,Constant (1.24e+05),Constant (7.44e+04),4098.373257927713,-222.74488059387176,848.1512920396339,0.37173148057382954,0.6282685194261705
59,0.5430581006540889,0.25695838202445276,3.8360184680249985,0.7124365099866441,0.6006008118554506,5.624159743299047,0.0,1.0,0.0,143451.3929768476,11376067.795104243,-16.91211650192032,1475745.2796440856,0.0,0.0,0.0,Olufsen,Constant (1.43e+05),3945.6278402810367,2.7010712330429594,816.0401223841104,0.49691954760013934,0.5030804523998607
